listing_id,host_id,neighbourhood,borough,property_type,room_type,checkin_date,checkout_date,nights_stayed,price_per_night,total_revenue,occupancy_rate,review_score,number_of_reviews,amenities,is_weekend_booking
L0001,Host_018,Astoria,Queens,Entire home/apt,Entire home,2023-02-22,2023-03-05,11,245.0,2695.0,0.84,4.3,152,"WiFi, Pool, Gym, Kitchen, Washer, Elevator",No
L0002,Host_045,Flushing,Queens,Private room,Private room,2023-10-29,2023-11-03,5,93.44,467.2,0.87,3.5,41,"Washer, TV, Kitchen, Elevator, Air conditioning, WiFi",Yes
L0003,Host_055,Upper East Side,Manhattan,Entire home/apt,Entire home,2023-01-23,2023-02-04,12,296.0,3552.0,0.69,3.7,97,"Pool, TV, Elevator",No
L0004,Host_024,Jamaica,Queens,Private room,Private room,2023-12-05,2023-12-09,4,53.0,212.0,0.85,5.0,60,"Elevator, TV, Heating",No
L0005,Host_023,Long Island City,Queens,Entire home/apt,Entire home,2023-12-16,2023-12-27,11,290.56,3196.16,0.49,4.5,137,"Air conditioning, Gym, Heating, Pool",Yes
L0006,Host_021,Jamaica,Queens,Entire home/apt,Entire home,2023-01-17,2023-01-30,13,148.0,1924.0,0.61,3.9,55,"Washer, Heating, Pool, Gym, Elevator, TV, WiFi",No
L0007,Host_036,Park Slope,Brooklyn,Entire home/apt,Entire home,2023-10-26,2023-11-02,7,254.0,1778.0,0.64,5.0,36,"Gym, Kitchen, Elevator, WiFi, Washer, Pool, Air conditioning",No
L0008,Host_025,Upper East Side,Manhattan,Private room,Private room,2023-05-09,2023-05-18,9,104.0,936.0,0.9,3.5,30,"TV, Washer, WiFi, Air conditioning, Heating, Kitchen, Pool",No
L0009,Host_049,Chelsea,Manhattan,Shared room,Shared room,2023-02-24,2023-03-10,14,69.12,967.68,0.78,4.8,130,"Heating, Air conditioning, Gym, Kitchen, TV, WiFi, Elevator",Yes
L0010,Host_060,Brooklyn Heights,Brooklyn,Entire home/apt,Entire home,2023-01-30,2023-02-03,4,305.0,1220.0,0.91,4.9,22,"Kitchen, Air conditioning, Pool, Washer, Heating, Elevator",No
L0011,Host_028,Flatbush,Brooklyn,Private room,Private room,2023-12-20,2023-12-24,4,114.0,456.0,0.82,4.1,172,"Gym, Pool, WiFi, Kitchen, Washer",No
L0012,Host_036,Chelsea,Manhattan,Entire home/apt,Entire home,2023-01-04,2023-01-06,2,237.0,474.0,0.82,3.6,18,"Washer, Kitchen, TV",No
L0013,Host_014,Chelsea,Manhattan,Private room,Private room,2023-08-31,2023-09-04,4,118.0,472.0,0.86,4.7,49,"Kitchen, Elevator, Air conditioning",No
L0014,Host_047,Brooklyn Heights,Brooklyn,Entire home/apt,Entire home,2023-07-26,2023-08-07,12,147.0,1764.0,0.63,4.8,64,"Heating, Gym, Kitchen, Pool",No
L0015,Host_056,Chelsea,Manhattan,Entire home/apt,Entire home,2023-10-09,2023-10-11,2,158.0,316.0,0.48,5.0,4,"Heating, Air conditioning, Pool",No
L0016,Host_026,Brooklyn Heights,Brooklyn,Entire home/apt,Entire home,2023-01-02,2023-01-09,7,150.0,1050.0,0.59,4.7,117,"Elevator, Gym, Kitchen, Pool, Air conditioning",No
L0017,Host_035,Midtown,Manhattan,Private room,Private room,2023-01-26,2023-02-05,10,85.0,850.0,0.7,4.9,136,"WiFi, Kitchen, Elevator, Gym",No
L0018,Host_056,Lower East Side,Manhattan,Entire home/apt,Entire home,2023-10-19,2023-10-23,4,240.0,960.0,0.75,3.6,21,"Pool, Washer, Air conditioning, Kitchen, Elevator, Gym",No
L0019,Host_042,Brooklyn Heights,Brooklyn,Entire home/apt,Entire home,2023-02-07,2023-02-08,1,273.0,273.0,0.69,5.0,26,"Pool, Heating, TV",No
L0020,Host_057,Park Slope,Brooklyn,Shared room,Shared room,2023-05-26,2023-05-29,3,46.08,138.24,0.68,4.3,78,"Pool, WiFi, Washer, TV, Air conditioning, Gym, Heating",Yes
L0021,Host_048,Williamsburg,Brooklyn,Private room,Private room,2023-11-06,2023-11-10,4,79.0,316.0,0.82,3.8,163,"Pool, Gym, Air conditioning, WiFi, Washer",No
L0022,Host_003,Jackson Heights,Queens,Private room,Private room,2023-03-08,2023-03-19,11,87.0,957.0,0.96,3.7,114,"Elevator, WiFi, Gym, Pool, Kitchen, Washer, TV",No
L0023,Host_009,Jamaica,Queens,Entire home/apt,Entire home,2023-01-21,2023-01-27,6,180.48,1082.88,0.56,3.9,27,"Pool, Elevator, TV, Washer, Kitchen",Yes
L0024,Host_052,Harlem,Manhattan,Shared room,Shared room,2023-04-02,2023-04-14,12,32.0,384.0,0.93,4.7,106,"TV, Air conditioning, Elevator, Washer",Yes
L0025,Host_055,Upper East Side,Manhattan,Private room,Private room,2023-08-24,2023-08-30,6,73.0,438.0,0.61,4.7,59,"WiFi, Heating, Gym, Air conditioning",No
L0026,Host_018,Williamsburg,Brooklyn,Shared room,Shared room,2023-12-14,2023-12-28,14,37.0,518.0,0.73,4.9,30,"Air conditioning, TV, WiFi, Elevator, Gym",No
L0027,Host_021,Bushwick,Brooklyn,Private room,Private room,2023-07-17,2023-07-27,10,110.0,1100.0,0.55,3.6,112,"Pool, Heating, Air conditioning",No
L0028,Host_059,Williamsburg,Brooklyn,Shared room,Shared room,2023-03-05,2023-03-17,12,58.88,706.56,0.92,4.3,171,"Washer, Elevator, Pool, Air conditioning, TV, Kitchen",Yes
L0029,Host_025,Upper East Side,Manhattan,Private room,Private room,2023-07-27,2023-08-05,9,117.0,1053.0,0.88,4.0,54,"Washer, Gym, Heating, Elevator, Kitchen, Pool",No
L0030,Host_019,Flushing,Queens,Private room,Private room,2023-05-01,2023-05-12,11,56.0,616.0,0.61,4.7,38,"WiFi, Heating, Gym",No
L0031,Host_057,Astoria,Queens,Entire home/apt,Entire home,2023-07-24,2023-07-28,4,219.0,876.0,0.53,4.5,28,"Heating, Air conditioning, Elevator, Washer, TV, Pool",No
L0032,Host_055,Lower East Side,Manhattan,Entire home/apt,Entire home,2023-08-26,2023-09-06,11,232.96,2562.56,0.73,4.3,82,"Pool, Elevator, Gym, TV, Heating, Kitchen",Yes
L0033,Host_049,Jackson Heights,Queens,Entire home/apt,Entire home,2023-09-24,2023-10-02,8,314.88,2519.04,0.78,3.9,20,"Heating, TV, Air conditioning, Elevator, Gym",Yes
L0034,Host_025,Harlem,Manhattan,Entire home/apt,Entire home,2023-08-01,2023-08-08,7,198.0,1386.0,0.62,4.2,16,"Elevator, Pool, Gym, TV",No
L0035,Host_049,Astoria,Queens,Private room,Private room,2023-06-30,2023-07-05,5,135.68,678.4,0.84,4.8,108,"Pool, Heating, Gym, Kitchen, Air conditioning, Elevator, Washer",Yes
L0036,Host_044,Upper East Side,Manhattan,Entire home/apt,Entire home,2023-08-28,2023-08-31,3,327.0,981.0,0.96,4.3,101,"WiFi, Kitchen, Washer, Heating, Gym, Elevator, Pool",No
L0037,Host_014,Chelsea,Manhattan,Entire home/apt,Entire home,2023-07-14,2023-07-19,5,450.56,2252.8,0.84,4.7,65,"Gym, WiFi, Washer",Yes
L0038,Host_023,Astoria,Queens,Shared room,Shared room,2023-11-30,2023-12-01,1,49.0,49.0,0.84,4.9,52,"Air conditioning, Heating, Kitchen",No
L0039,Host_014,Williamsburg,Brooklyn,Private room,Private room,2023-07-08,2023-07-11,3,98.56,295.68,0.77,4.9,30,"TV, Kitchen, Pool, WiFi",Yes
L0040,Host_025,Flatbush,Brooklyn,Private room,Private room,2023-10-31,2023-11-12,12,70.0,840.0,0.88,3.9,179,"Kitchen, WiFi, Air conditioning, TV, Heating",No
L0041,Host_042,Long Island City,Queens,Entire home/apt,Entire home,2023-08-04,2023-08-18,14,376.32,5268.48,0.7,4.2,93,"Air conditioning, Elevator, Kitchen, Washer, TV, Pool",Yes
L0042,Host_030,Jamaica,Queens,Private room,Private room,2023-06-15,2023-06-29,14,120.0,1680.0,0.58,4.9,72,"Heating, Gym, TV, Elevator, Pool, Air conditioning",No
L0043,Host_012,Upper East Side,Manhattan,Private room,Private room,2023-05-13,2023-05-19,6,92.16,552.96,0.6,4.4,71,"WiFi, Heating, Pool, Kitchen, Gym, TV, Air conditioning",Yes
L0044,Host_032,Upper East Side,Manhattan,Private room,Private room,2023-05-31,2023-06-04,4,47.0,188.0,0.66,3.9,170,"Washer, Gym, TV, Elevator, Air conditioning, Heating, Pool",No
L0045,Host_030,Long Island City,Queens,Entire home/apt,Entire home,2023-04-29,2023-05-01,2,330.24,660.48,0.83,4.0,138,"Heating, Pool, Washer, Gym",Yes
L0046,Host_034,Flatbush,Brooklyn,Shared room,Shared room,2023-04-10,2023-04-15,5,51.0,255.0,0.57,3.8,4,"Air conditioning, TV, WiFi, Elevator, Gym, Pool, Heating",No
L0047,Host_001,Upper East Side,Manhattan,Entire home/apt,Entire home,2023-08-14,2023-08-20,6,265.0,1590.0,0.55,3.6,123,"Kitchen, Elevator, Heating",No
L0048,Host_004,Lower East Side,Manhattan,Private room,Private room,2023-10-16,2023-10-21,5,64.0,320.0,0.49,3.9,143,"Heating, Elevator, Pool, Gym, Air conditioning, Washer",No
L0049,Host_040,Flatbush,Brooklyn,Private room,Private room,2023-04-19,2023-04-24,5,71.0,355.0,0.79,3.7,45,"Kitchen, Air conditioning, WiFi, Heating, Washer, TV, Pool",No
L0050,Host_019,Harlem,Manhattan,Entire home/apt,Entire home,2023-04-30,2023-05-05,5,450.56,2252.8,0.86,4.4,170,"Elevator, Kitchen, TV, Gym",Yes
L0051,Host_053,Flushing,Queens,Private room,Private room,2023-03-26,2023-04-08,13,69.12,898.56,0.61,4.6,146,"Gym, Kitchen, Heating, Washer, Air conditioning",Yes
L0052,Host_033,Jackson Heights,Queens,Shared room,Shared room,2023-11-03,2023-11-04,1,34.56,34.56,0.91,4.6,155,"WiFi, Kitchen, Gym, Washer, TV",Yes
L0053,Host_044,Astoria,Queens,Shared room,Shared room,2023-03-31,2023-04-08,8,33.28,266.24,0.72,4.2,72,"Elevator, Gym, WiFi, Heating",Yes
L0054,Host_043,Brooklyn Heights,Brooklyn,Entire home/apt,Entire home,2023-07-30,2023-08-11,12,221.44,2657.28,0.71,4.5,103,"WiFi, Gym, Pool, Air conditioning, Washer, TV, Elevator",Yes
L0055,Host_001,Flatbush,Brooklyn,Private room,Private room,2023-04-07,2023-04-16,9,124.16,1117.44,0.64,4.6,161,"WiFi, Heating, Air conditioning, TV, Kitchen, Elevator",Yes
L0056,Host_041,Brooklyn Heights,Brooklyn,Entire home/apt,Entire home,2023-10-10,2023-10-11,1,242.0,242.0,0.74,3.6,30,"Kitchen, Air conditioning, Heating, Washer, Gym, TV",No
L0057,Host_016,Brooklyn Heights,Brooklyn,Shared room,Shared room,2023-07-16,2023-07-20,4,37.12,148.48,0.93,4.3,35,"TV, Elevator, Air conditioning",Yes
L0058,Host_019,Long Island City,Queens,Private room,Private room,2023-12-04,2023-12-12,8,120.0,960.0,0.9,4.2,124,"Washer, Elevator, Heating, Air conditioning, Kitchen",No
L0059,Host_015,Flushing,Queens,Private room,Private room,2023-08-31,2023-09-12,12,50.0,600.0,0.92,4.1,170,"Gym, WiFi, Kitchen, TV",No
L0060,Host_056,Long Island City,Queens,Private room,Private room,2023-08-22,2023-08-23,1,57.0,57.0,0.83,4.1,168,"Kitchen, Gym, Elevator, Air conditioning",No
L0061,Host_042,Flatbush,Brooklyn,Private room,Private room,2023-12-12,2023-12-26,14,87.0,1218.0,0.73,4.9,161,"Pool, WiFi, TV, Gym, Kitchen, Air conditioning",No
L0062,Host_007,Midtown,Manhattan,Entire home/apt,Entire home,2023-12-22,2023-12-27,5,218.88,1094.4,0.92,3.6,15,"Washer, Pool, Heating, Kitchen, Gym",Yes
L0063,Host_051,Jackson Heights,Queens,Private room,Private room,2023-02-10,2023-02-20,10,84.48,844.8,0.9,4.4,62,"Air conditioning, Heating, Gym, Washer, Pool, Elevator",Yes
L0064,Host_030,Williamsburg,Brooklyn,Private room,Private room,2023-02-07,2023-02-15,8,114.0,912.0,0.94,5.0,77,"TV, Gym, Elevator, Air conditioning, Kitchen, Heating",No
L0065,Host_037,Williamsburg,Brooklyn,Entire home/apt,Entire home,2023-12-25,2023-12-30,5,303.0,1515.0,0.46,4.7,102,"WiFi, Pool, TV, Washer, Heating",No
L0066,Host_023,Park Slope,Brooklyn,Private room,Private room,2023-05-09,2023-05-20,11,69.0,759.0,0.84,4.7,175,"Kitchen, WiFi, Air conditioning, Heating",No
L0067,Host_009,Lower East Side,Manhattan,Entire home/apt,Entire home,2023-08-01,2023-08-04,3,166.0,498.0,0.55,4.7,94,"Pool, TV, Elevator, Kitchen, Air conditioning, Heating, Washer",No
L0068,Host_030,Long Island City,Queens,Private room,Private room,2023-04-26,2023-05-10,14,63.0,882.0,0.8,4.5,102,"Washer, Kitchen, Elevator, Heating, WiFi, Air conditioning, Pool",No
L0069,Host_048,Upper East Side,Manhattan,Entire home/apt,Entire home,2023-11-23,2023-11-29,6,254.0,1524.0,0.51,3.9,7,"Pool, Washer, TV, Kitchen, WiFi, Heating, Air conditioning",No
L0070,Host_003,Brooklyn Heights,Brooklyn,Entire home/apt,Entire home,2023-03-01,2023-03-03,2,139.0,278.0,0.57,4.3,100,"Washer, Elevator, TV, Pool, Kitchen, Heating",No
L0071,Host_040,Astoria,Queens,Private room,Private room,2023-12-20,2023-12-26,6,80.0,480.0,0.56,4.2,61,"Kitchen, Washer, TV, Gym, Air conditioning",No
L0072,Host_008,Upper East Side,Manhattan,Entire home/apt,Entire home,2023-04-19,2023-04-30,11,352.0,3872.0,0.78,5.0,13,"Heating, Air conditioning, Elevator, TV, Kitchen",No
L0073,Host_014,Lower East Side,Manhattan,Entire home/apt,Entire home,2023-03-17,2023-03-30,13,305.92,3976.96,0.92,3.5,38,"Pool, TV, Elevator, Kitchen",Yes
L0074,Host_023,Midtown,Manhattan,Entire home/apt,Entire home,2023-01-09,2023-01-12,3,241.0,723.0,0.59,3.7,108,"Kitchen, Pool, Heating, Elevator, Air conditioning, WiFi, Gym",No
L0075,Host_003,Flushing,Queens,Shared room,Shared room,2023-01-16,2023-01-17,1,45.0,45.0,0.97,4.8,110,"Gym, Pool, WiFi",No
L0076,Host_005,Chelsea,Manhattan,Private room,Private room,2023-11-21,2023-12-01,10,80.0,800.0,0.74,4.0,153,"TV, Gym, Pool, Elevator, Heating, WiFi, Air conditioning",No
L0077,Host_014,Lower East Side,Manhattan,Private room,Private room,2023-04-27,2023-05-04,7,102.0,714.0,0.63,4.2,107,"Washer, Elevator, Air conditioning",No
L0078,Host_010,Long Island City,Queens,Entire home/apt,Entire home,2023-02-13,2023-02-15,2,362.0,724.0,0.67,4.6,96,"Pool, WiFi, TV, Elevator",No
L0079,Host_027,Long Island City,Queens,Private room,Private room,2023-01-27,2023-02-01,5,126.72,633.6,0.76,4.0,148,"Heating, Air conditioning, Washer, Pool, Kitchen, WiFi, TV",Yes
L0080,Host_018,Long Island City,Queens,Entire home/apt,Entire home,2023-10-15,2023-10-28,13,300.8,3910.4,0.88,4.4,165,"WiFi, TV, Pool, Kitchen, Air conditioning, Gym, Washer",Yes
L0081,Host_010,Williamsburg,Brooklyn,Entire home/apt,Entire home,2023-11-21,2023-11-22,1,325.0,325.0,0.5,4.3,97,"Gym, Washer, Kitchen, Air conditioning, Pool, TV",No
L0082,Host_004,Jamaica,Queens,Entire home/apt,Entire home,2023-11-13,2023-11-14,1,199.0,199.0,0.8,3.9,170,"Gym, Pool, Heating, Air conditioning, Kitchen, WiFi",No
L0083,Host_044,Brooklyn Heights,Brooklyn,Entire home/apt,Entire home,2023-06-07,2023-06-08,1,369.0,369.0,0.56,5.0,15,"Heating, TV, Kitchen",No
L0084,Host_008,Chelsea,Manhattan,Entire home/apt,Entire home,2023-08-09,2023-08-12,3,123.0,369.0,0.52,4.3,59,"Pool, Washer, WiFi, Heating, Elevator, Gym, TV",No
L0085,Host_037,Williamsburg,Brooklyn,Private room,Private room,2023-12-30,2024-01-10,11,151.04,1661.44,0.67,3.7,6,"Air conditioning, Gym, Elevator, Washer, Pool",Yes
L0086,Host_016,Upper East Side,Manhattan,Private room,Private room,2023-09-26,2023-09-28,2,120.0,240.0,0.66,4.0,87,"Washer, Air conditioning, WiFi, TV",No
L0087,Host_013,Astoria,Queens,Entire home/apt,Entire home,2023-11-27,2023-12-11,14,298.0,4172.0,0.53,3.7,66,"Air conditioning, Pool, Elevator, Washer",No
L0088,Host_041,Harlem,Manhattan,Shared room,Shared room,2023-10-16,2023-10-29,13,49.0,637.0,0.75,4.5,145,"Washer, Pool, Kitchen, Heating, WiFi, Gym, Elevator",No
L0089,Host_038,Long Island City,Queens,Private room,Private room,2023-02-07,2023-02-12,5,90.0,450.0,0.69,3.6,95,"Kitchen, Pool, TV, Elevator, Washer",No
L0090,Host_051,Brooklyn Heights,Brooklyn,Private room,Private room,2023-10-20,2023-10-31,11,130.56,1436.16,0.55,4.4,129,"WiFi, Gym, Pool, Air conditioning",Yes
L0091,Host_012,Astoria,Queens,Entire home/apt,Entire home,2023-08-13,2023-08-21,8,179.2,1433.6,0.72,4.4,94,"TV, Elevator, Heating, Air conditioning, Pool",Yes
L0092,Host_007,Chelsea,Manhattan,Entire home/apt,Entire home,2023-12-03,2023-12-13,10,405.76,4057.6,0.9,4.0,150,"Washer, TV, Pool, Elevator",Yes
L0093,Host_046,Jackson Heights,Queens,Entire home/apt,Entire home,2023-07-12,2023-07-23,11,163.0,1793.0,0.86,4.7,172,"Kitchen, Elevator, TV, Air conditioning, WiFi, Washer, Pool",No
L0094,Host_050,Harlem,Manhattan,Entire home/apt,Entire home,2023-03-12,2023-03-15,3,471.04,1413.12,0.49,4.8,26,"Pool, WiFi, Washer, Air conditioning, TV, Kitchen, Elevator",Yes
L0095,Host_054,Park Slope,Brooklyn,Entire home/apt,Entire home,2023-07-30,2023-08-05,6,261.12,1566.72,0.8,3.9,114,"TV, Gym, Kitchen, Pool, Elevator, Air conditioning, Washer",Yes
L0096,Host_037,Chelsea,Manhattan,Private room,Private room,2023-05-25,2023-06-07,13,104.0,1352.0,0.65,4.3,42,"Air conditioning, TV, WiFi, Washer",No
L0097,Host_007,Bushwick,Brooklyn,Private room,Private room,2023-03-24,2023-03-29,5,103.68,518.4,0.68,4.3,112,"Heating, Gym, Air conditioning",Yes
L0098,Host_033,Upper East Side,Manhattan,Entire home/apt,Entire home,2023-02-11,2023-02-17,6,398.08,2388.48,0.57,4.0,26,"Air conditioning, Pool, WiFi, Gym, Heating",Yes
L0099,Host_031,Flushing,Queens,Private room,Private room,2023-02-10,2023-02-11,1,57.6,57.6,0.58,4.8,141,"Pool, Elevator, WiFi, Air conditioning, Kitchen, Washer, Gym",Yes
L0100,Host_051,Harlem,Manhattan,Entire home/apt,Entire home,2023-09-13,2023-09-23,10,354.0,3540.0,0.73,4.4,148,"Air conditioning, TV, Heating, WiFi",No
L0101,Host_027,Long Island City,Queens,Entire home/apt,Entire home,2023-07-04,2023-07-06,2,215.0,430.0,0.95,4.3,130,"WiFi, Elevator, Gym, Heating, Pool, Washer, Kitchen",No
L0102,Host_005,Williamsburg,Brooklyn,Entire home/apt,Entire home,2023-12-03,2023-12-14,11,378.88,4167.68,0.5,4.4,86,"WiFi, Washer, TV, Air conditioning",Yes
L0103,Host_044,Flushing,Queens,Private room,Private room,2023-04-04,2023-04-17,13,106.0,1378.0,0.52,4.6,118,"TV, Heating, WiFi",No
L0104,Host_020,Midtown,Manhattan,Entire home/apt,Entire home,2023-05-10,2023-05-11,1,323.0,323.0,0.84,3.8,92,"Washer, TV, WiFi",No
L0105,Host_048,Brooklyn Heights,Brooklyn,Private room,Private room,2023-04-06,2023-04-14,8,94.0,752.0,0.81,4.1,133,"Kitchen, Elevator, WiFi, Heating, TV",No
L0106,Host_007,Lower East Side,Manhattan,Entire home/apt,Entire home,2023-06-01,2023-06-06,5,160.0,800.0,0.68,4.6,43,"Washer, Gym, WiFi, Pool, Air conditioning, Heating",No
L0107,Host_041,Williamsburg,Brooklyn,Entire home/apt,Entire home,2023-12-14,2023-12-17,3,327.0,981.0,0.95,3.7,156,"WiFi, Air conditioning, Pool, Kitchen, Gym, TV",No
L0108,Host_010,Flatbush,Brooklyn,Entire home/apt,Entire home,2023-08-16,2023-08-29,13,350.0,4550.0,0.49,3.7,94,"Washer, TV, Kitchen, WiFi, Pool, Elevator",No
L0109,Host_036,Flatbush,Brooklyn,Entire home/apt,Entire home,2023-05-14,2023-05-26,12,230.4,2764.8,0.68,5.0,74,"Heating, Kitchen, Gym, WiFi, Pool, Elevator",Yes
L0110,Host_052,Jackson Heights,Queens,Shared room,Shared room,2023-02-03,2023-02-12,9,60.16,541.44,0.73,4.8,41,"Washer, Heating, WiFi, Kitchen",Yes
L0111,Host_002,Harlem,Manhattan,Private room,Private room,2023-07-08,2023-07-16,8,147.2,1177.6,0.87,4.3,157,"Kitchen, TV, Heating",Yes
L0112,Host_050,Jackson Heights,Queens,Entire home/apt,Entire home,2023-03-06,2023-03-12,6,329.0,1974.0,0.78,4.2,175,"Washer, Air conditioning, Elevator, TV, Pool, Kitchen, WiFi",No
L0113,Host_004,Flatbush,Brooklyn,Private room,Private room,2023-06-05,2023-06-08,3,111.0,333.0,0.53,4.9,58,"Pool, TV, Elevator, WiFi, Air conditioning",No
L0114,Host_041,Lower East Side,Manhattan,Entire home/apt,Entire home,2023-09-15,2023-09-26,11,352.0,3872.0,0.54,4.9,40,"Washer, WiFi, Elevator, Gym",Yes
L0115,Host_050,Midtown,Manhattan,Shared room,Shared room,2023-10-20,2023-10-27,7,62.72,439.04,0.77,3.5,161,"TV, Pool, Heating, Kitchen, Elevator, Air conditioning, Washer",Yes
L0116,Host_027,Midtown,Manhattan,Entire home/apt,Entire home,2023-06-24,2023-07-04,10,469.76,4697.6,0.52,4.8,82,"Elevator, Air conditioning, Pool, Gym, TV",Yes
L0117,Host_030,Astoria,Queens,Entire home/apt,Entire home,2023-05-07,2023-05-10,3,232.96,698.88,0.5,3.9,99,"Elevator, Heating, Pool, Kitchen, Air conditioning, TV, WiFi",Yes
L0118,Host_030,Upper East Side,Manhattan,Shared room,Shared room,2023-01-12,2023-01-14,2,40.0,80.0,0.94,4.3,62,"Washer, WiFi, Gym, Air conditioning",No
L0119,Host_042,Flatbush,Brooklyn,Private room,Private room,2023-01-05,2023-01-19,14,81.0,1134.0,0.51,3.7,68,"Elevator, Washer, WiFi, Heating, Pool",No
L0120,Host_036,Jamaica,Queens,Entire home/apt,Entire home,2023-09-16,2023-09-24,8,341.76,2734.08,0.85,3.9,160,"Kitchen, Air conditioning, WiFi, Heating, Gym, TV, Washer",Yes
L0121,Host_033,Park Slope,Brooklyn,Entire home/apt,Entire home,2023-01-24,2023-01-25,1,325.0,325.0,0.52,4.0,122,"Gym, Air conditioning, TV, Elevator, Kitchen, Pool, Heating",No
L0122,Host_040,Park Slope,Brooklyn,Entire home/apt,Entire home,2023-09-17,2023-10-01,14,349.44,4892.16,0.72,4.2,145,"Gym, WiFi, Air conditioning, Elevator, Pool",Yes
L0123,Host_058,Flatbush,Brooklyn,Entire home/apt,Entire home,2023-12-02,2023-12-15,13,170.24,2213.12,0.96,4.4,59,"Gym, Air conditioning, TV",Yes
L0124,Host_025,Jamaica,Queens,Private room,Private room,2023-10-21,2023-11-02,12,97.28,1167.36,0.51,3.5,81,"Air conditioning, Elevator, Washer, Kitchen, Heating, TV",Yes
L0125,Host_034,Astoria,Queens,Private room,Private room,2023-12-06,2023-12-14,8,116.0,928.0,0.72,4.0,45,"Pool, Washer, TV, Air conditioning, Gym, Heating",No
L0126,Host_020,Harlem,Manhattan,Entire home/apt,Entire home,2023-05-28,2023-06-09,12,300.8,3609.6,0.56,4.6,82,"Washer, TV, Air conditioning, WiFi, Gym, Heating",Yes
L0127,Host_052,Bushwick,Brooklyn,Shared room,Shared room,2023-05-28,2023-06-09,12,33.28,399.36,0.49,4.9,168,"Gym, Heating, Kitchen, TV, Air conditioning",Yes
L0128,Host_040,Long Island City,Queens,Entire home/apt,Entire home,2023-12-09,2023-12-18,9,309.76,2787.84,0.57,3.8,26,"Washer, Gym, WiFi, Pool, Kitchen, Elevator",Yes
L0129,Host_060,Flushing,Queens,Entire home/apt,Entire home,2023-04-13,2023-04-26,13,363.0,4719.0,0.95,4.0,166,"Kitchen, Heating, TV",No
L0130,Host_012,Astoria,Queens,Private room,Private room,2023-01-19,2023-02-02,14,67.0,938.0,0.66,4.2,75,"WiFi, TV, Gym",No
L0131,Host_022,Astoria,Queens,Private room,Private room,2023-10-06,2023-10-15,9,131.84,1186.56,0.71,4.9,130,"TV, Heating, Elevator, WiFi, Air conditioning, Kitchen",Yes
L0132,Host_046,Jackson Heights,Queens,Private room,Private room,2023-06-22,2023-07-05,13,46.0,598.0,0.6,4.5,50,"Elevator, Pool, TV, Air conditioning",No
L0133,Host_012,Upper East Side,Manhattan,Private room,Private room,2023-05-08,2023-05-09,1,106.0,106.0,0.59,3.9,69,"TV, WiFi, Air conditioning, Washer, Elevator",No
L0134,Host_008,Flushing,Queens,Entire home/apt,Entire home,2023-07-27,2023-08-07,11,358.0,3938.0,0.71,4.8,80,"TV, Washer, Pool",No
L0135,Host_031,Harlem,Manhattan,Shared room,Shared room,2023-11-07,2023-11-13,6,48.0,288.0,0.67,4.3,121,"Heating, Pool, Washer, TV, WiFi, Gym, Air conditioning",No
L0136,Host_037,Long Island City,Queens,Entire home/apt,Entire home,2023-10-08,2023-10-17,9,226.56,2039.04,0.56,4.3,43,"Pool, Gym, WiFi, Washer, Kitchen",Yes
L0137,Host_058,Jamaica,Queens,Entire home/apt,Entire home,2023-03-09,2023-03-18,9,348.0,3132.0,0.67,4.3,144,"TV, WiFi, Heating, Air conditioning, Gym, Kitchen",No
L0138,Host_023,Astoria,Queens,Entire home/apt,Entire home,2023-02-05,2023-02-13,8,194.56,1556.48,0.47,4.1,35,"Washer, Elevator, Heating, Gym, Pool, WiFi",Yes
L0139,Host_056,Jamaica,Queens,Entire home/apt,Entire home,2023-10-03,2023-10-10,7,298.0,2086.0,0.72,4.6,58,"WiFi, TV, Heating",No
L0140,Host_025,Jamaica,Queens,Entire home/apt,Entire home,2023-06-27,2023-06-30,3,237.0,711.0,0.59,4.9,29,"Elevator, WiFi, Kitchen",No
L0141,Host_003,Midtown,Manhattan,Entire home/apt,Entire home,2023-01-23,2023-01-30,7,348.0,2436.0,0.68,4.3,15,"Pool, TV, Kitchen, Washer",No
L0142,Host_050,Long Island City,Queens,Private room,Private room,2023-03-15,2023-03-26,11,75.0,825.0,0.72,4.1,71,"Pool, Air conditioning, Washer",No
L0143,Host_004,Jackson Heights,Queens,Private room,Private room,2023-09-26,2023-10-02,6,93.0,558.0,0.81,4.1,77,"Air conditioning, Gym, Kitchen, Elevator, Pool, Washer",No
L0144,Host_027,Williamsburg,Brooklyn,Private room,Private room,2023-05-11,2023-05-15,4,94.0,376.0,0.62,3.6,116,"Kitchen, Heating, WiFi, Air conditioning, Gym",No
L0145,Host_056,Jamaica,Queens,Private room,Private room,2023-10-28,2023-11-09,12,88.32,1059.84,0.8,3.8,54,"TV, WiFi, Kitchen, Elevator, Gym",Yes
L0146,Host_045,Jackson Heights,Queens,Private room,Private room,2023-05-03,2023-05-12,9,95.0,855.0,0.62,3.9,120,"Washer, TV, Air conditioning, Elevator, Gym, Heating, Kitchen",No
L0147,Host_021,Upper East Side,Manhattan,Private room,Private room,2023-07-31,2023-08-01,1,92.0,92.0,0.74,3.8,38,"TV, Elevator, Air conditioning",No
L0148,Host_025,Harlem,Manhattan,Entire home/apt,Entire home,2023-12-02,2023-12-13,11,313.6,3449.6,0.63,4.6,126,"Gym, Air conditioning, Washer, Pool, Kitchen, TV",Yes
L0149,Host_059,Jamaica,Queens,Entire home/apt,Entire home,2023-02-08,2023-02-22,14,150.0,2100.0,0.8,4.6,106,"Heating, Kitchen, Washer, Gym",No
L0150,Host_024,Harlem,Manhattan,Entire home/apt,Entire home,2023-09-07,2023-09-08,1,150.0,150.0,0.45,4.3,4,"Pool, TV, Gym",No
L0151,Host_045,Williamsburg,Brooklyn,Entire home/apt,Entire home,2023-02-19,2023-02-28,9,435.2,3916.8,0.53,3.8,135,"Washer, TV, Elevator, Heating, WiFi",Yes
L0152,Host_016,Brooklyn Heights,Brooklyn,Entire home/apt,Entire home,2023-02-11,2023-02-22,11,300.8,3308.8,0.97,4.5,9,"Elevator, Pool, Heating",Yes
L0153,Host_001,Jackson Heights,Queens,Entire home/apt,Entire home,2023-08-11,2023-08-22,11,264.96,2914.56,0.86,4.3,25,"WiFi, Heating, Kitchen, Washer, TV, Gym, Elevator",Yes
L0154,Host_018,Midtown,Manhattan,Private room,Private room,2023-06-11,2023-06-12,1,85.76,85.76,0.95,4.4,102,"TV, Air conditioning, Pool",Yes
L0155,Host_025,Lower East Side,Manhattan,Private room,Private room,2023-03-13,2023-03-26,13,94.0,1222.0,0.96,4.6,129,"WiFi, Kitchen, Heating, Gym, Pool",No
L0156,Host_039,Flatbush,Brooklyn,Private room,Private room,2023-11-21,2023-11-26,5,86.0,430.0,0.86,4.2,59,"Pool, Elevator, Heating, Kitchen, TV",No
L0157,Host_040,Jackson Heights,Queens,Entire home/apt,Entire home,2023-02-07,2023-02-09,2,271.0,542.0,0.59,4.1,163,"Elevator, Washer, Air conditioning, WiFi",No
L0158,Host_029,Midtown,Manhattan,Shared room,Shared room,2023-03-09,2023-03-11,2,28.0,56.0,0.55,4.2,143,"Elevator, Kitchen, WiFi, Pool, Air conditioning, Washer, TV",No
L0159,Host_001,Long Island City,Queens,Private room,Private room,2023-02-13,2023-02-25,12,97.0,1164.0,0.92,4.9,63,"Pool, Air conditioning, Washer, Heating, Kitchen, TV, Elevator",No
L0160,Host_005,Bushwick,Brooklyn,Entire home/apt,Entire home,2023-08-04,2023-08-09,5,262.4,1312.0,0.7,3.6,65,"Gym, Heating, Pool, WiFi",Yes
L0161,Host_026,Chelsea,Manhattan,Entire home/apt,Entire home,2023-06-18,2023-06-26,8,371.2,2969.6,0.62,4.7,167,"Air conditioning, TV, Pool, Gym, Kitchen, Heating, Washer",Yes
L0162,Host_019,Upper East Side,Manhattan,Shared room,Shared room,2023-05-05,2023-05-11,6,64.0,384.0,0.65,4.7,101,"Kitchen, Heating, TV, Elevator, Pool",Yes
L0163,Host_047,Jamaica,Queens,Entire home/apt,Entire home,2023-05-30,2023-06-13,14,356.0,4984.0,0.81,4.7,105,"Air conditioning, TV, Kitchen, Pool, Elevator, Heating",No
L0164,Host_039,Williamsburg,Brooklyn,Entire home/apt,Entire home,2023-10-01,2023-10-10,9,467.2,4204.8,0.93,4.8,108,"WiFi, Washer, Gym, TV, Elevator, Pool, Heating",Yes
L0165,Host_040,Chelsea,Manhattan,Entire home/apt,Entire home,2023-12-13,2023-12-24,11,142.0,1562.0,0.66,4.6,111,"WiFi, Kitchen, Air conditioning",No
L0166,Host_036,Lower East Side,Manhattan,Private room,Private room,2023-07-20,2023-07-28,8,102.0,816.0,0.85,4.4,129,"Washer, WiFi, Heating, Gym",No
L0167,Host_006,Brooklyn Heights,Brooklyn,Private room,Private room,2023-06-09,2023-06-15,6,80.64,483.84,0.69,3.8,124,"Gym, Kitchen, Heating, Washer, Elevator",Yes
L0168,Host_052,Williamsburg,Brooklyn,Entire home/apt,Entire home,2023-06-25,2023-07-06,11,227.84,2506.24,0.51,4.7,63,"Air conditioning, Pool, Gym, TV, Heating, Washer, WiFi",Yes
L0169,Host_043,Park Slope,Brooklyn,Entire home/apt,Entire home,2023-11-11,2023-11-15,4,436.48,1745.92,0.68,4.1,2,"Heating, TV, Elevator, Washer",Yes
L0170,Host_056,Lower East Side,Manhattan,Entire home/apt,Entire home,2023-04-11,2023-04-19,8,215.0,1720.0,0.51,4.5,126,"Washer, Elevator, TV, Heating, Gym, WiFi, Kitchen",No
L0171,Host_053,Brooklyn Heights,Brooklyn,Private room,Private room,2023-12-11,2023-12-14,3,120.0,360.0,0.61,3.9,30,"Washer, Air conditioning, TV, Heating",No
L0172,Host_025,Flatbush,Brooklyn,Entire home/apt,Entire home,2023-11-22,2023-12-01,9,336.0,3024.0,0.81,4.5,45,"Air conditioning, Gym, Pool, Kitchen, Washer, Elevator, TV",No
L0173,Host_001,Astoria,Queens,Private room,Private room,2023-07-16,2023-07-25,9,79.36,714.24,0.71,4.2,176,"Elevator, Gym, Heating, Kitchen, WiFi, TV",Yes
L0174,Host_015,Chelsea,Manhattan,Entire home/apt,Entire home,2023-08-23,2023-09-02,10,267.0,2670.0,0.84,4.6,141,"Kitchen, Pool, Air conditioning, TV, Elevator, WiFi, Washer",No
L0175,Host_028,Flatbush,Brooklyn,Entire home/apt,Entire home,2023-01-17,2023-01-25,8,172.0,1376.0,0.59,4.8,23,"Kitchen, Heating, Pool, Washer, TV, Air conditioning",No
L0176,Host_011,Jamaica,Queens,Private room,Private room,2023-04-16,2023-04-29,13,90.88,1181.44,0.48,4.0,72,"Pool, Air conditioning, Gym, Washer, Elevator, TV, Heating",Yes
L0177,Host_044,Flatbush,Brooklyn,Shared room,Shared room,2023-07-30,2023-07-31,1,70.4,70.4,0.97,4.8,33,"Heating, Air conditioning, Washer, Gym",Yes
L0178,Host_037,Upper East Side,Manhattan,Entire home/apt,Entire home,2023-08-20,2023-08-22,2,328.96,657.92,0.78,4.8,24,"Pool, TV, Washer, Air conditioning, Heating, Gym",Yes
L0179,Host_050,Flatbush,Brooklyn,Entire home/apt,Entire home,2023-12-07,2023-12-19,12,167.0,2004.0,0.64,3.6,137,"Heating, Elevator, Gym, Kitchen, Pool, Air conditioning",No
L0180,Host_037,Bushwick,Brooklyn,Entire home/apt,Entire home,2023-09-06,2023-09-19,13,186.0,2418.0,0.63,4.5,13,"Kitchen, Gym, WiFi",No
L0181,Host_001,Harlem,Manhattan,Entire home/apt,Entire home,2023-03-09,2023-03-20,11,339.0,3729.0,0.61,4.8,71,"Washer, TV, WiFi",No
L0182,Host_041,Park Slope,Brooklyn,Entire home/apt,Entire home,2023-12-02,2023-12-04,2,353.28,706.56,0.82,3.5,123,"Air conditioning, Heating, TV",Yes
L0183,Host_045,Jackson Heights,Queens,Entire home/apt,Entire home,2023-08-05,2023-08-17,12,377.6,4531.2,0.52,3.6,99,"Kitchen, Pool, Air conditioning",Yes
L0184,Host_050,Bushwick,Brooklyn,Entire home/apt,Entire home,2023-09-29,2023-10-09,10,240.64,2406.4,0.45,4.5,113,"Heating, Air conditioning, Pool, TV, Elevator",Yes
L0185,Host_009,Midtown,Manhattan,Private room,Private room,2023-07-16,2023-07-22,6,153.6,921.6,0.95,4.0,36,"TV, Kitchen, Gym, Pool",Yes
L0186,Host_019,Jamaica,Queens,Private room,Private room,2023-09-23,2023-10-03,10,106.24,1062.4,0.71,4.6,76,"Heating, Gym, Pool",Yes
L0187,Host_039,Harlem,Manhattan,Entire home/apt,Entire home,2023-01-07,2023-01-13,6,199.68,1198.08,0.94,3.7,146,"Washer, Air conditioning, Elevator, Heating, WiFi, TV",Yes
L0188,Host_014,Astoria,Queens,Entire home/apt,Entire home,2023-07-23,2023-08-01,9,179.2,1612.8,0.6,4.6,107,"Elevator, Kitchen, Washer, TV, Pool, Gym",Yes
L0189,Host_033,Williamsburg,Brooklyn,Entire home/apt,Entire home,2023-06-17,2023-06-24,7,286.72,2007.04,0.75,4.6,167,"TV, Elevator, Washer",Yes
L0190,Host_060,Midtown,Manhattan,Entire home/apt,Entire home,2023-11-10,2023-11-20,10,437.76,4377.6,0.48,4.5,169,"Kitchen, WiFi, Washer, Pool",Yes
L0191,Host_023,Astoria,Queens,Entire home/apt,Entire home,2023-03-06,2023-03-18,12,252.0,3024.0,0.86,3.9,31,"Washer, Elevator, Air conditioning",No
L0192,Host_037,Astoria,Queens,Entire home/apt,Entire home,2023-09-19,2023-09-25,6,159.0,954.0,0.48,4.8,43,"Air conditioning, TV, Elevator, WiFi, Gym",No
L0193,Host_033,Astoria,Queens,Entire home/apt,Entire home,2023-01-07,2023-01-11,4,154.88,619.52,0.47,4.0,39,"WiFi, Elevator, Kitchen, Air conditioning",Yes
L0194,Host_021,Upper East Side,Manhattan,Private room,Private room,2023-07-10,2023-07-12,2,54.0,108.0,0.71,4.9,46,"Pool, WiFi, Heating, Gym",No
L0195,Host_020,Bushwick,Brooklyn,Private room,Private room,2023-08-22,2023-08-23,1,56.0,56.0,0.64,3.9,78,"Heating, Gym, Air conditioning, TV, Pool, Kitchen, Elevator",No
L0196,Host_060,Flushing,Queens,Entire home/apt,Entire home,2023-10-05,2023-10-11,6,329.0,1974.0,0.78,4.5,3,"WiFi, Elevator, Gym, Washer, Air conditioning",No
L0197,Host_016,Harlem,Manhattan,Entire home/apt,Entire home,2023-01-31,2023-02-03,3,334.0,1002.0,0.82,3.6,60,"Elevator, Washer, Heating, Gym, WiFi, TV, Air conditioning",No
L0198,Host_037,Upper East Side,Manhattan,Entire home/apt,Entire home,2023-03-08,2023-03-12,4,151.0,604.0,0.6,4.8,101,"Washer, Gym, Air conditioning, Kitchen, WiFi",No
L0199,Host_038,Harlem,Manhattan,Private room,Private room,2023-03-26,2023-04-03,8,81.92,655.36,0.69,4.1,138,"Heating, Gym, Air conditioning, Pool, Elevator",Yes
L0200,Host_044,Midtown,Manhattan,Entire home/apt,Entire home,2023-06-17,2023-06-20,3,352.0,1056.0,0.5,3.9,92,"Pool, WiFi, Washer, Air conditioning, Elevator, Kitchen",Yes
L0201,Host_036,Upper East Side,Manhattan,Private room,Private room,2023-02-22,2023-03-07,13,57.0,741.0,0.86,3.7,16,"Air conditioning, Heating, Elevator, Gym",No
L0202,Host_017,Williamsburg,Brooklyn,Private room,Private room,2023-04-12,2023-04-23,11,47.0,517.0,0.68,3.7,85,"WiFi, Gym, Pool",No
L0203,Host_047,Lower East Side,Manhattan,Entire home/apt,Entire home,2023-07-15,2023-07-26,11,412.16,4533.76,0.67,4.0,48,"TV, Gym, Kitchen, WiFi, Pool",Yes
L0204,Host_019,Jamaica,Queens,Entire home/apt,Entire home,2023-10-09,2023-10-17,8,375.0,3000.0,0.48,3.9,36,"Heating, Pool, Washer, TV, WiFi, Gym",No
L0205,Host_051,Long Island City,Queens,Entire home/apt,Entire home,2023-10-17,2023-10-26,9,368.0,3312.0,0.62,3.9,7,"Heating, WiFi, Elevator, Air conditioning, Gym",No
L0206,Host_038,Flatbush,Brooklyn,Entire home/apt,Entire home,2023-05-07,2023-05-18,11,305.92,3365.12,0.58,4.3,15,"Elevator, Washer, Pool, Kitchen",Yes
L0207,Host_052,Harlem,Manhattan,Private room,Private room,2023-12-27,2024-01-08,12,120.0,1440.0,0.63,4.4,37,"Heating, Gym, TV, Air conditioning, Kitchen, Pool, WiFi",No
L0208,Host_015,Midtown,Manhattan,Entire home/apt,Entire home,2023-01-01,2023-01-07,6,166.4,998.4,0.93,3.8,34,"Air conditioning, Washer, WiFi, Elevator, Kitchen",Yes
L0209,Host_055,Flushing,Queens,Private room,Private room,2023-12-27,2024-01-07,11,54.0,594.0,0.66,3.7,78,"Air conditioning, Pool, Washer, Heating, Elevator",No
L0210,Host_036,Long Island City,Queens,Entire home/apt,Entire home,2023-10-29,2023-11-12,14,386.56,5411.84,0.54,4.0,177,"Air conditioning, Pool, Washer, WiFi, TV",Yes
L0211,Host_039,Flatbush,Brooklyn,Entire home/apt,Entire home,2023-10-17,2023-10-19,2,282.0,564.0,0.94,3.7,20,"Washer, Pool, Kitchen, Gym",No
L0212,Host_017,Chelsea,Manhattan,Entire home/apt,Entire home,2023-02-04,2023-02-10,6,290.56,1743.36,0.58,3.7,1,"Elevator, Gym, Washer",Yes
L0213,Host_032,Park Slope,Brooklyn,Private room,Private room,2023-07-12,2023-07-14,2,89.0,178.0,0.88,4.7,148,"Air conditioning, Gym, WiFi, Elevator",No
L0214,Host_007,Williamsburg,Brooklyn,Entire home/apt,Entire home,2023-07-12,2023-07-15,3,157.0,471.0,0.83,4.3,24,"Gym, WiFi, Heating, Washer, Kitchen",No
L0215,Host_007,Jackson Heights,Queens,Entire home/apt,Entire home,2023-07-29,2023-08-10,12,369.92,4439.04,0.74,4.9,139,"TV, Pool, Kitchen, WiFi, Washer",Yes
L0216,Host_032,Flatbush,Brooklyn,Entire home/apt,Entire home,2023-01-02,2023-01-09,7,198.0,1386.0,0.5,4.7,161,"Gym, Heating, WiFi, Elevator, Kitchen, TV, Air conditioning",No
L0217,Host_008,Williamsburg,Brooklyn,Entire home/apt,Entire home,2023-09-08,2023-09-19,11,354.56,3900.16,0.59,4.5,100,"Washer, Elevator, Air conditioning, Kitchen",Yes
L0218,Host_030,Williamsburg,Brooklyn,Entire home/apt,Entire home,2023-05-18,2023-05-28,10,254.0,2540.0,0.48,4.6,171,"Kitchen, Washer, Elevator",No
L0219,Host_038,Jackson Heights,Queens,Shared room,Shared room,2023-07-18,2023-08-01,14,26.0,364.0,0.72,4.9,176,"Heating, Gym, Air conditioning, WiFi, Pool, Washer",No
L0220,Host_052,Jamaica,Queens,Private room,Private room,2023-08-18,2023-08-21,3,76.8,230.4,0.94,3.8,55,"Air conditioning, WiFi, Heating, Gym",Yes
L0221,Host_053,Jackson Heights,Queens,Entire home/apt,Entire home,2023-02-04,2023-02-06,2,249.6,499.2,0.65,4.1,84,"Pool, Gym, Elevator, WiFi, TV",Yes
L0222,Host_008,Jamaica,Queens,Private room,Private room,2023-10-18,2023-10-28,10,64.0,640.0,0.75,4.9,26,"Kitchen, TV, Elevator",No
L0223,Host_017,Long Island City,Queens,Private room,Private room,2023-11-08,2023-11-16,8,107.0,856.0,0.47,3.9,37,"Elevator, WiFi, Heating, Air conditioning, Kitchen, Gym, Washer",No
L0224,Host_002,Bushwick,Brooklyn,Private room,Private room,2023-05-24,2023-06-07,14,83.0,1162.0,0.71,4.5,26,"Air conditioning, TV, Washer, Heating",No
L0225,Host_039,Bushwick,Brooklyn,Private room,Private room,2023-04-19,2023-05-03,14,69.0,966.0,0.66,4.2,133,"WiFi, Air conditioning, Pool, Gym, TV",No
L0226,Host_034,Park Slope,Brooklyn,Private room,Private room,2023-04-13,2023-04-27,14,67.0,938.0,0.48,3.5,13,"Heating, TV, Air conditioning, Pool, Gym",No
L0227,Host_016,Williamsburg,Brooklyn,Private room,Private room,2023-08-17,2023-08-20,3,107.0,321.0,0.95,4.2,142,"Washer, Air conditioning, Elevator, Gym, WiFi",No
L0228,Host_011,Williamsburg,Brooklyn,Entire home/apt,Entire home,2023-04-26,2023-05-07,11,229.0,2519.0,0.56,4.5,132,"WiFi, Gym, Kitchen",No
L0229,Host_001,Flushing,Queens,Private room,Private room,2023-06-06,2023-06-18,12,77.0,924.0,0.95,4.5,109,"Washer, Gym, Air conditioning, Kitchen, Heating, Elevator",No
L0230,Host_026,Jamaica,Queens,Private room,Private room,2023-12-06,2023-12-20,14,45.0,630.0,0.89,4.3,153,"TV, Pool, Washer, WiFi, Heating, Elevator, Kitchen",No
L0231,Host_017,Bushwick,Brooklyn,Private room,Private room,2023-09-22,2023-10-05,13,88.32,1148.16,0.57,3.6,154,"Washer, Air conditioning, Pool, WiFi, Heating, Gym",Yes
L0232,Host_048,Brooklyn Heights,Brooklyn,Entire home/apt,Entire home,2023-10-20,2023-11-03,14,176.64,2472.96,0.55,4.6,57,"Gym, Washer, TV, Air conditioning, Kitchen, Elevator, Heating",Yes
L0233,Host_017,Upper East Side,Manhattan,Entire home/apt,Entire home,2023-02-15,2023-02-19,4,213.0,852.0,0.63,4.6,79,"Washer, Pool, Air conditioning, TV, Elevator, Heating",No
L0234,Host_041,Upper East Side,Manhattan,Entire home/apt,Entire home,2023-04-10,2023-04-19,9,156.0,1404.0,0.51,4.5,136,"Elevator, WiFi, Pool, Kitchen, Washer",No
L0235,Host_037,Chelsea,Manhattan,Entire home/apt,Entire home,2023-04-03,2023-04-16,13,354.0,4602.0,0.49,4.0,46,"WiFi, Pool, Heating, Air conditioning, Kitchen",No
L0236,Host_032,Lower East Side,Manhattan,Private room,Private room,2023-08-11,2023-08-22,11,78.08,858.88,0.67,4.1,123,"WiFi, Pool, TV, Kitchen, Air conditioning, Gym",Yes
L0237,Host_044,Flatbush,Brooklyn,Entire home/apt,Entire home,2023-12-22,2023-12-28,6,156.16,936.96,0.61,3.7,129,"TV, Air conditioning, WiFi, Elevator, Gym, Pool, Kitchen",Yes
L0238,Host_022,Jamaica,Queens,Private room,Private room,2023-09-08,2023-09-14,6,79.36,476.16,0.84,3.7,104,"Heating, Pool, Washer",Yes
L0239,Host_038,Harlem,Manhattan,Private room,Private room,2023-07-07,2023-07-19,12,84.48,1013.76,0.79,3.6,164,"Pool, WiFi, TV, Gym, Washer",Yes
L0240,Host_008,Astoria,Queens,Entire home/apt,Entire home,2023-03-05,2023-03-14,9,426.24,3836.16,0.58,4.6,53,"TV, Elevator, Washer",Yes
L0241,Host_039,Lower East Side,Manhattan,Entire home/apt,Entire home,2023-02-23,2023-03-04,9,190.0,1710.0,0.82,3.7,30,"Gym, Heating, TV",No
L0242,Host_013,Chelsea,Manhattan,Private room,Private room,2023-03-24,2023-03-25,1,124.16,124.16,0.74,4.9,177,"Washer, Heating, WiFi, Elevator, Pool, TV",Yes
L0243,Host_006,Jackson Heights,Queens,Entire home/apt,Entire home,2023-05-12,2023-05-23,11,202.24,2224.64,0.57,5.0,76,"Gym, WiFi, Pool, Kitchen, Elevator",Yes
L0244,Host_021,Bushwick,Brooklyn,Private room,Private room,2023-01-24,2023-01-25,1,59.0,59.0,0.89,4.5,44,"Washer, Gym, TV, Air conditioning, WiFi",No
L0245,Host_026,Bushwick,Brooklyn,Entire home/apt,Entire home,2023-07-17,2023-07-29,12,324.0,3888.0,0.89,4.7,167,"Kitchen, Air conditioning, Washer, Elevator",No
L0246,Host_059,Harlem,Manhattan,Entire home/apt,Entire home,2023-08-13,2023-08-16,3,469.76,1409.28,0.77,4.7,157,"Air conditioning, Gym, Heating",Yes
L0247,Host_005,Upper East Side,Manhattan,Entire home/apt,Entire home,2023-12-27,2024-01-10,14,253.0,3542.0,0.8,4.7,148,"Heating, Washer, TV, Elevator, Gym, WiFi, Kitchen",No
L0248,Host_043,Flushing,Queens,Entire home/apt,Entire home,2023-10-13,2023-10-23,10,405.76,4057.6,0.48,4.5,41,"Gym, Pool, Elevator, Kitchen, WiFi, Heating, Washer",Yes
L0249,Host_004,Chelsea,Manhattan,Shared room,Shared room,2023-11-26,2023-12-03,7,53.76,376.32,0.66,3.9,118,"Gym, Kitchen, Elevator, Heating, Washer, Air conditioning",Yes
L0250,Host_002,Upper East Side,Manhattan,Private room,Private room,2023-01-19,2023-01-28,9,96.0,864.0,0.74,4.7,155,"TV, Heating, Washer, Elevator, Gym, Air conditioning, Kitchen",No
L0251,Host_022,Harlem,Manhattan,Private room,Private room,2023-08-20,2023-08-22,2,116.48,232.96,0.5,4.5,1,"Washer, TV, Gym, Elevator, Air conditioning",Yes
L0252,Host_011,Astoria,Queens,Entire home/apt,Entire home,2023-07-29,2023-07-31,2,476.16,952.32,0.58,3.8,31,"Heating, Gym, Elevator, Kitchen, Air conditioning, WiFi",Yes
L0253,Host_054,Williamsburg,Brooklyn,Private room,Private room,2023-12-04,2023-12-14,10,102.0,1020.0,0.95,3.7,128,"Pool, WiFi, TV",No
L0254,Host_033,Flatbush,Brooklyn,Entire home/apt,Entire home,2023-03-07,2023-03-09,2,210.0,420.0,0.65,4.4,83,"Elevator, Pool, TV, Washer, Kitchen, Air conditioning, Gym",No
L0255,Host_009,Bushwick,Brooklyn,Entire home/apt,Entire home,2023-12-25,2024-01-06,12,190.0,2280.0,0.72,4.8,141,"Pool, Heating, Kitchen, Elevator, TV",No
L0256,Host_059,Long Island City,Queens,Private room,Private room,2023-10-05,2023-10-17,12,67.0,804.0,0.78,4.6,91,"Gym, Elevator, Washer, Pool, TV, Air conditioning, Kitchen",No
L0257,Host_025,Lower East Side,Manhattan,Entire home/apt,Entire home,2023-01-29,2023-02-02,4,248.32,993.28,0.59,4.7,74,"Air conditioning, WiFi, Washer, Pool, Kitchen",Yes
L0258,Host_029,Astoria,Queens,Entire home/apt,Entire home,2023-04-25,2023-05-07,12,172.0,2064.0,0.79,4.1,131,"WiFi, Elevator, Heating, Gym, Air conditioning",No
L0259,Host_017,Astoria,Queens,Entire home/apt,Entire home,2023-04-26,2023-05-07,11,223.0,2453.0,0.82,4.5,151,"Heating, Pool, Air conditioning, Gym, Kitchen, WiFi, Washer",No
L0260,Host_003,Lower East Side,Manhattan,Entire home/apt,Entire home,2023-05-16,2023-05-19,3,339.0,1017.0,0.53,4.8,2,"Gym, Air conditioning, WiFi, Kitchen, Pool",No
L0261,Host_041,Astoria,Queens,Private room,Private room,2023-10-21,2023-10-30,9,136.96,1232.64,0.64,4.7,82,"Heating, Air conditioning, TV, WiFi, Elevator, Kitchen, Pool",Yes
L0262,Host_023,Jamaica,Queens,Entire home/apt,Entire home,2023-06-19,2023-06-25,6,233.0,1398.0,0.64,3.8,159,"Gym, WiFi, Pool, Washer, Air conditioning, Heating, Elevator",No
L0263,Host_016,Jamaica,Queens,Private room,Private room,2023-02-28,2023-03-07,7,86.0,602.0,0.58,4.6,7,"Washer, Gym, Heating, WiFi, Air conditioning, Kitchen, Elevator",No
L0264,Host_011,Astoria,Queens,Shared room,Shared room,2023-12-10,2023-12-21,11,39.68,436.48,0.85,4.8,109,"Heating, Elevator, Washer",Yes
L0265,Host_046,Harlem,Manhattan,Entire home/apt,Entire home,2023-02-07,2023-02-08,1,289.0,289.0,0.54,3.9,19,"Heating, TV, Pool, Elevator, Washer, Gym, Kitchen",No
L0266,Host_008,Williamsburg,Brooklyn,Entire home/apt,Entire home,2023-10-27,2023-10-28,1,157.44,157.44,0.81,3.6,129,"TV, Pool, Gym",Yes
L0267,Host_029,Chelsea,Manhattan,Private room,Private room,2023-12-05,2023-12-06,1,95.0,95.0,0.7,4.3,35,"Pool, TV, Washer, Kitchen, Air conditioning, Gym",No
L0268,Host_010,Lower East Side,Manhattan,Private room,Private room,2023-10-21,2023-10-31,10,64.0,640.0,0.65,4.3,22,"Heating, Washer, Kitchen, Pool, TV",Yes
L0269,Host_040,Harlem,Manhattan,Entire home/apt,Entire home,2023-04-03,2023-04-14,11,249.0,2739.0,0.87,4.8,141,"Pool, Kitchen, Air conditioning, Washer, WiFi, Elevator",No
L0270,Host_032,Harlem,Manhattan,Private room,Private room,2023-12-10,2023-12-21,11,115.2,1267.2,0.57,3.9,18,"Washer, Gym, Heating, Air conditioning",Yes
L0271,Host_010,Long Island City,Queens,Private room,Private room,2023-08-08,2023-08-11,3,85.0,255.0,0.45,3.9,57,"TV, Washer, Kitchen, Gym, Air conditioning, Heating",No
L0272,Host_020,Brooklyn Heights,Brooklyn,Entire home/apt,Entire home,2023-03-31,2023-04-11,11,472.32,5195.52,0.77,4.8,36,"Heating, TV, Washer, Elevator, WiFi, Gym, Pool",Yes
L0273,Host_038,Astoria,Queens,Private room,Private room,2023-01-19,2023-01-28,9,120.0,1080.0,0.59,4.8,139,"Air conditioning, Washer, Heating, Kitchen, TV, Pool",No
L0274,Host_006,Upper East Side,Manhattan,Entire home/apt,Entire home,2023-01-06,2023-01-17,11,413.44,4547.84,0.57,4.9,158,"Pool, Air conditioning, Heating, Kitchen",Yes
L0275,Host_043,Lower East Side,Manhattan,Shared room,Shared room,2023-07-03,2023-07-04,1,55.0,55.0,0.56,4.2,17,"Washer, Heating, WiFi, Pool, Kitchen",No
L0276,Host_059,Long Island City,Queens,Entire home/apt,Entire home,2023-11-29,2023-12-05,6,352.0,2112.0,0.5,5.0,163,"TV, Air conditioning, Heating, Washer, Elevator",No
L0277,Host_054,Flatbush,Brooklyn,Private room,Private room,2023-07-12,2023-07-16,4,111.0,444.0,0.72,4.0,89,"Gym, WiFi, TV, Kitchen, Heating, Washer",No
L0278,Host_018,Midtown,Manhattan,Entire home/apt,Entire home,2023-03-22,2023-03-28,6,228.0,1368.0,0.76,4.7,170,"Elevator, Washer, Gym, WiFi",No
L0279,Host_038,Brooklyn Heights,Brooklyn,Entire home/apt,Entire home,2023-05-05,2023-05-06,1,258.56,258.56,0.52,4.4,35,"WiFi, Air conditioning, Pool, Kitchen, Gym, Washer, TV",Yes
L0280,Host_041,Flatbush,Brooklyn,Shared room,Shared room,2023-02-13,2023-02-17,4,55.0,220.0,0.68,5.0,124,"Heating, Elevator, TV, Kitchen",No
L0281,Host_033,Flushing,Queens,Private room,Private room,2023-12-18,2023-12-24,6,66.0,396.0,0.93,4.4,18,"Elevator, Pool, Kitchen, WiFi",No
L0282,Host_059,Harlem,Manhattan,Entire home/apt,Entire home,2023-03-18,2023-03-28,10,483.84,4838.4,0.5,4.2,158,"WiFi, Kitchen, Pool, Heating, Gym, Elevator, Air conditioning",Yes
L0283,Host_024,Jackson Heights,Queens,Entire home/apt,Entire home,2023-04-28,2023-05-11,13,181.76,2362.88,0.7,4.7,90,"Kitchen, Elevator, Pool, Air conditioning, Heating, Gym, WiFi",Yes
L0284,Host_027,Flatbush,Brooklyn,Private room,Private room,2023-12-30,2024-01-11,12,88.32,1059.84,0.86,4.4,31,"WiFi, Elevator, Washer, Kitchen, Air conditioning, Heating, Gym",Yes
L0285,Host_038,Harlem,Manhattan,Entire home/apt,Entire home,2023-10-02,2023-10-09,7,249.0,1743.0,0.74,4.4,175,"Heating, Elevator, TV, Gym, Pool, Kitchen",No
L0286,Host_017,Flatbush,Brooklyn,Private room,Private room,2023-12-28,2024-01-04,7,118.0,826.0,0.83,4.8,169,"Heating, Gym, Elevator",No
L0287,Host_033,Flushing,Queens,Entire home/apt,Entire home,2023-10-09,2023-10-19,10,325.0,3250.0,0.81,4.6,42,"WiFi, Kitchen, Elevator, Gym, Heating, TV",No
L0288,Host_024,Midtown,Manhattan,Entire home/apt,Entire home,2023-07-16,2023-07-23,7,204.8,1433.6,0.77,4.3,153,"Air conditioning, Gym, Heating",Yes
L0289,Host_060,Harlem,Manhattan,Private room,Private room,2023-11-03,2023-11-12,9,88.32,794.88,0.72,3.8,44,"Washer, Heating, Pool",Yes
L0290,Host_018,Harlem,Manhattan,Entire home/apt,Entire home,2023-07-22,2023-07-29,7,414.72,2903.04,0.75,4.3,18,"Pool, TV, Washer",Yes
L0291,Host_053,Jamaica,Queens,Entire home/apt,Entire home,2023-04-10,2023-04-18,8,261.0,2088.0,0.93,4.4,67,"Elevator, Kitchen, TV, WiFi",No
L0292,Host_008,Long Island City,Queens,Entire home/apt,Entire home,2023-10-22,2023-10-27,5,321.28,1606.4,0.81,4.9,145,"Heating, Washer, Elevator, Pool, Gym, WiFi",Yes
L0293,Host_025,Williamsburg,Brooklyn,Entire home/apt,Entire home,2023-06-11,2023-06-18,7,296.96,2078.72,0.95,4.3,3,"Heating, TV, WiFi, Pool, Air conditioning",Yes
L0294,Host_031,Lower East Side,Manhattan,Shared room,Shared room,2023-10-21,2023-10-26,5,39.68,198.4,0.55,4.6,49,"Heating, Pool, Washer, Kitchen, Air conditioning, Elevator",Yes
L0295,Host_054,Harlem,Manhattan,Private room,Private room,2023-02-24,2023-02-26,2,81.92,163.84,0.93,4.5,170,"WiFi, Pool, Elevator, Heating, Air conditioning, TV",Yes
L0296,Host_032,Flatbush,Brooklyn,Private room,Private room,2023-07-23,2023-07-27,4,140.8,563.2,0.84,3.7,135,"Gym, WiFi, TV, Air conditioning, Heating, Kitchen",Yes
L0297,Host_030,Williamsburg,Brooklyn,Private room,Private room,2023-12-12,2023-12-16,4,46.0,184.0,0.65,3.7,93,"TV, Air conditioning, Pool, Gym, Kitchen, Washer, Elevator",No
L0298,Host_032,Long Island City,Queens,Entire home/apt,Entire home,2023-12-25,2024-01-07,13,337.0,4381.0,0.64,4.8,72,"Air conditioning, Pool, TV, Washer, Kitchen, WiFi",No
L0299,Host_036,Long Island City,Queens,Private room,Private room,2023-03-16,2023-03-29,13,93.0,1209.0,0.95,3.7,3,"Elevator, Gym, Kitchen, Washer",No
L0300,Host_051,Jamaica,Queens,Private room,Private room,2023-10-15,2023-10-29,14,106.24,1487.36,0.75,4.1,177,"WiFi, Heating, Elevator, Air conditioning",Yes
L0301,Host_022,Williamsburg,Brooklyn,Entire home/apt,Entire home,2023-10-14,2023-10-23,9,323.84,2914.56,0.93,3.9,6,"Kitchen, Washer, Elevator, Gym, TV, Pool",Yes
L0302,Host_035,Jamaica,Queens,Private room,Private room,2023-06-16,2023-06-27,11,103.68,1140.48,0.72,4.7,115,"Elevator, TV, Heating",Yes
L0303,Host_041,Flushing,Queens,Private room,Private room,2023-11-10,2023-11-20,10,125.44,1254.4,0.66,4.9,21,"Washer, Heating, Air conditioning, Elevator",Yes
L0304,Host_039,Long Island City,Queens,Private room,Private room,2023-08-16,2023-08-29,13,79.0,1027.0,0.9,4.0,151,"Gym, Elevator, Kitchen, Pool, WiFi, Washer, Air conditioning",No
L0305,Host_045,Chelsea,Manhattan,Shared room,Shared room,2023-07-23,2023-07-25,2,38.4,76.8,0.5,4.9,122,"WiFi, Pool, Elevator, Heating, TV, Gym, Washer",Yes
L0306,Host_042,Flatbush,Brooklyn,Entire home/apt,Entire home,2023-05-07,2023-05-19,12,408.32,4899.84,0.6,4.4,34,"Air conditioning, WiFi, Gym, Washer, Pool, TV, Kitchen",Yes
L0307,Host_036,Flatbush,Brooklyn,Shared room,Shared room,2023-12-24,2024-01-02,9,70.4,633.6,0.54,4.4,162,"Elevator, TV, Air conditioning, Heating, Gym, Kitchen, WiFi",Yes
L0308,Host_017,Bushwick,Brooklyn,Entire home/apt,Entire home,2023-01-01,2023-01-10,9,254.72,2292.48,0.87,4.8,89,"Gym, WiFi, Washer, Heating, Elevator",Yes
L0309,Host_052,Williamsburg,Brooklyn,Private room,Private room,2023-01-04,2023-01-13,9,74.0,666.0,0.64,4.1,144,"Elevator, Heating, Kitchen, Washer, Gym, TV",No
L0310,Host_041,Chelsea,Manhattan,Entire home/apt,Entire home,2023-11-10,2023-11-23,13,309.76,4026.88,0.81,3.9,167,"TV, Elevator, Kitchen, WiFi, Gym, Pool, Heating",Yes
L0311,Host_018,Upper East Side,Manhattan,Private room,Private room,2023-01-10,2023-01-13,3,69.0,207.0,0.48,4.3,48,"TV, Pool, Kitchen",No
L0312,Host_015,Jackson Heights,Queens,Private room,Private room,2023-09-10,2023-09-14,4,81.92,327.68,0.63,4.0,128,"Gym, WiFi, Air conditioning, Pool, Kitchen",Yes
L0313,Host_005,Chelsea,Manhattan,Private room,Private room,2023-05-09,2023-05-23,14,68.0,952.0,0.65,3.5,64,"Gym, Heating, Washer, WiFi, Kitchen, Pool",No
L0314,Host_014,Astoria,Queens,Entire home/apt,Entire home,2023-06-09,2023-06-15,6,463.36,2780.16,0.53,4.6,141,"Kitchen, TV, Heating, Washer, Air conditioning, Pool, Elevator",Yes
L0315,Host_016,Harlem,Manhattan,Shared room,Shared room,2023-03-27,2023-04-09,13,25.0,325.0,0.59,3.7,63,"WiFi, Gym, Washer",No
L0316,Host_006,Flushing,Queens,Entire home/apt,Entire home,2023-02-16,2023-02-27,11,247.0,2717.0,0.77,4.9,161,"WiFi, Washer, Gym",No
L0317,Host_009,Lower East Side,Manhattan,Private room,Private room,2023-10-13,2023-10-26,13,94.72,1231.36,0.79,4.0,113,"WiFi, Elevator, Air conditioning, Washer",Yes
L0318,Host_032,Chelsea,Manhattan,Private room,Private room,2023-10-05,2023-10-17,12,116.0,1392.0,0.7,4.4,140,"Washer, Gym, Air conditioning, TV, Pool",No
L0319,Host_029,Midtown,Manhattan,Entire home/apt,Entire home,2023-07-07,2023-07-15,8,346.88,2775.04,0.45,4.5,98,"WiFi, Washer, Elevator, TV",Yes
L0320,Host_043,Chelsea,Manhattan,Private room,Private room,2023-12-16,2023-12-24,8,88.32,706.56,0.85,3.7,73,"Elevator, Washer, WiFi, Pool, TV",Yes
L0321,Host_009,Astoria,Queens,Entire home/apt,Entire home,2023-02-24,2023-03-04,8,270.08,2160.64,0.55,3.5,165,"Gym, TV, WiFi, Air conditioning, Kitchen, Elevator",Yes
L0322,Host_060,Harlem,Manhattan,Private room,Private room,2023-11-24,2023-11-25,1,133.12,133.12,0.64,4.6,107,"WiFi, TV, Gym, Pool, Washer",Yes
L0323,Host_034,Williamsburg,Brooklyn,Shared room,Shared room,2023-04-29,2023-05-08,9,61.44,552.96,0.65,3.8,169,"Air conditioning, Elevator, Washer, WiFi",Yes
L0324,Host_030,Jamaica,Queens,Entire home/apt,Entire home,2023-04-03,2023-04-12,9,338.0,3042.0,0.66,4.0,41,"Gym, Washer, Air conditioning, TV, Elevator, Pool, Kitchen",No
L0325,Host_021,Jackson Heights,Queens,Private room,Private room,2023-04-20,2023-04-27,7,117.0,819.0,0.85,4.9,66,"Gym, Pool, Heating, WiFi, Washer",No
L0326,Host_009,Flatbush,Brooklyn,Entire home/apt,Entire home,2023-04-24,2023-04-28,4,274.0,1096.0,0.89,3.5,177,"Pool, Air conditioning, WiFi, Elevator, Heating",No
L0327,Host_024,Park Slope,Brooklyn,Entire home/apt,Entire home,2023-06-03,2023-06-05,2,316.16,632.32,0.75,4.4,56,"Washer, Gym, Kitchen",Yes
L0328,Host_007,Flatbush,Brooklyn,Private room,Private room,2023-10-23,2023-10-30,7,49.0,343.0,0.49,3.6,86,"Elevator, Pool, Gym, WiFi, Kitchen",No
L0329,Host_041,Jamaica,Queens,Private room,Private room,2023-09-26,2023-09-27,1,51.0,51.0,0.62,4.3,84,"Heating, Air conditioning, WiFi, Washer, Pool, TV, Gym",No
L0330,Host_028,Jamaica,Queens,Entire home/apt,Entire home,2023-03-09,2023-03-15,6,268.0,1608.0,0.49,4.4,13,"Elevator, TV, WiFi, Heating, Gym, Washer, Air conditioning",No
L0331,Host_013,Harlem,Manhattan,Entire home/apt,Entire home,2023-10-20,2023-10-24,4,472.32,1889.28,0.74,5.0,135,"Heating, Kitchen, Air conditioning, Pool",Yes
L0332,Host_043,Flatbush,Brooklyn,Entire home/apt,Entire home,2023-06-28,2023-07-02,4,331.0,1324.0,0.62,4.4,7,"Air conditioning, Washer, TV, Heating, Elevator",No
L0333,Host_053,Upper East Side,Manhattan,Entire home/apt,Entire home,2023-07-11,2023-07-14,3,239.0,717.0,0.84,4.8,29,"Heating, Air conditioning, Elevator",No
L0334,Host_052,Williamsburg,Brooklyn,Entire home/apt,Entire home,2023-08-30,2023-08-31,1,176.0,176.0,0.62,4.6,55,"Pool, TV, Gym, Heating",No
L0335,Host_043,Flushing,Queens,Private room,Private room,2023-12-06,2023-12-15,9,93.0,837.0,0.47,3.8,73,"TV, WiFi, Heating, Washer",No
L0336,Host_018,Midtown,Manhattan,Entire home/apt,Entire home,2023-05-30,2023-06-13,14,304.0,4256.0,0.91,4.1,98,"Kitchen, Washer, Heating, TV, Gym, WiFi, Elevator",No
L0337,Host_036,Lower East Side,Manhattan,Shared room,Shared room,2023-09-29,2023-10-04,5,40.96,204.8,0.62,4.1,41,"Washer, Pool, Air conditioning",Yes
L0338,Host_033,Long Island City,Queens,Entire home/apt,Entire home,2023-05-12,2023-05-19,7,334.08,2338.56,0.91,4.7,8,"TV, Heating, Kitchen, Air conditioning, Gym, Elevator, WiFi",Yes
L0339,Host_044,Jackson Heights,Queens,Entire home/apt,Entire home,2023-10-21,2023-10-24,3,302.08,906.24,0.67,4.0,155,"Gym, Air conditioning, Kitchen, Washer, Elevator",Yes
L0340,Host_013,Jamaica,Queens,Private room,Private room,2023-12-28,2024-01-06,9,84.0,756.0,0.92,4.1,38,"Air conditioning, Washer, WiFi, TV, Gym, Elevator, Heating",No
L0341,Host_049,Park Slope,Brooklyn,Private room,Private room,2023-07-30,2023-08-04,5,124.16,620.8,0.68,4.9,164,"Air conditioning, Heating, WiFi, Kitchen, Washer",Yes
L0342,Host_039,Lower East Side,Manhattan,Private room,Private room,2023-12-18,2023-12-19,1,74.0,74.0,0.64,4.5,123,"Pool, Gym, Washer, Elevator",No
L0343,Host_032,Park Slope,Brooklyn,Private room,Private room,2023-04-09,2023-04-13,4,79.36,317.44,0.47,4.6,4,"Elevator, Heating, Washer, Pool, Kitchen",Yes
L0344,Host_029,Midtown,Manhattan,Entire home/apt,Entire home,2023-08-23,2023-08-27,4,370.0,1480.0,0.67,4.7,156,"Washer, Elevator, TV, Pool, Gym, WiFi",No
L0345,Host_053,Astoria,Queens,Entire home/apt,Entire home,2023-10-03,2023-10-10,7,141.0,987.0,0.96,3.6,100,"WiFi, Heating, Air conditioning, Gym, Washer, Elevator, Kitchen",No
L0346,Host_040,Park Slope,Brooklyn,Entire home/apt,Entire home,2023-03-14,2023-03-22,8,147.0,1176.0,0.88,4.2,129,"Air conditioning, Pool, Heating",No
L0347,Host_012,Bushwick,Brooklyn,Entire home/apt,Entire home,2023-12-31,2024-01-04,4,450.56,1802.24,0.91,3.6,83,"Kitchen, Pool, WiFi, Washer",Yes
L0348,Host_046,Bushwick,Brooklyn,Entire home/apt,Entire home,2023-03-23,2023-03-30,7,316.0,2212.0,0.74,3.6,44,"Air conditioning, Pool, Elevator, Kitchen, Washer",No
L0349,Host_020,Astoria,Queens,Entire home/apt,Entire home,2023-04-03,2023-04-05,2,348.0,696.0,0.92,4.9,1,"TV, WiFi, Heating, Elevator, Washer, Gym, Air conditioning",No
L0350,Host_043,Park Slope,Brooklyn,Entire home/apt,Entire home,2023-08-15,2023-08-17,2,363.0,726.0,0.76,3.5,141,"Pool, Heating, WiFi, Kitchen, Washer",No
L0351,Host_055,Chelsea,Manhattan,Entire home/apt,Entire home,2023-11-05,2023-11-10,5,174.08,870.4,0.62,3.6,28,"Air conditioning, Pool, Washer, Gym, TV, Kitchen",Yes
L0352,Host_003,Flatbush,Brooklyn,Entire home/apt,Entire home,2023-07-08,2023-07-15,7,213.76,1496.32,0.88,4.6,141,"TV, Gym, Kitchen",Yes
L0353,Host_027,Chelsea,Manhattan,Entire home/apt,Entire home,2023-01-30,2023-02-01,2,227.0,454.0,0.75,5.0,136,"Gym, TV, Heating",No
L0354,Host_037,Long Island City,Queens,Entire home/apt,Entire home,2023-10-16,2023-10-24,8,301.0,2408.0,0.72,4.4,127,"Heating, TV, Kitchen, WiFi",No
L0355,Host_051,Midtown,Manhattan,Entire home/apt,Entire home,2023-11-12,2023-11-19,7,230.4,1612.8,0.67,4.0,144,"WiFi, Heating, Washer, Air conditioning",Yes
L0356,Host_033,Williamsburg,Brooklyn,Entire home/apt,Entire home,2023-12-18,2023-12-24,6,285.0,1710.0,0.63,4.6,158,"Air conditioning, Heating, Pool",No
L0357,Host_052,Brooklyn Heights,Brooklyn,Private room,Private room,2023-03-21,2023-04-01,11,62.0,682.0,0.69,4.8,86,"Elevator, WiFi, Pool, TV, Air conditioning, Washer",No
L0358,Host_037,Jamaica,Queens,Entire home/apt,Entire home,2023-03-18,2023-03-23,5,369.92,1849.6,0.89,4.0,97,"Air conditioning, Elevator, Kitchen, TV, WiFi, Pool, Heating",Yes
L0359,Host_006,Williamsburg,Brooklyn,Entire home/apt,Entire home,2023-08-20,2023-09-03,14,478.72,6702.08,0.94,3.8,78,"Kitchen, Washer, Elevator, WiFi",Yes
L0360,Host_002,Midtown,Manhattan,Entire home/apt,Entire home,2023-04-08,2023-04-14,6,469.76,2818.56,0.93,4.6,135,"Washer, Air conditioning, Elevator, WiFi, TV",Yes
L0361,Host_003,Flushing,Queens,Entire home/apt,Entire home,2023-09-25,2023-09-27,2,355.0,710.0,0.45,4.9,176,"Kitchen, Washer, Heating, WiFi, Gym, Air conditioning, TV",No
L0362,Host_014,Long Island City,Queens,Private room,Private room,2023-05-27,2023-06-01,5,89.6,448.0,0.73,4.7,172,"TV, Air conditioning, Kitchen",Yes
L0363,Host_040,Williamsburg,Brooklyn,Entire home/apt,Entire home,2023-06-29,2023-07-08,9,172.0,1548.0,0.62,3.7,73,"Heating, Air conditioning, WiFi, Gym, TV, Washer, Pool",No
L0364,Host_031,Williamsburg,Brooklyn,Entire home/apt,Entire home,2023-01-28,2023-01-30,2,185.6,371.2,0.67,3.8,153,"Gym, Washer, Air conditioning, Elevator, Kitchen, WiFi, TV",Yes
L0365,Host_052,Flushing,Queens,Entire home/apt,Entire home,2023-06-08,2023-06-19,11,359.0,3949.0,0.79,4.6,121,"Heating, Air conditioning, Elevator, TV",No
L0366,Host_045,Bushwick,Brooklyn,Entire home/apt,Entire home,2023-09-07,2023-09-08,1,289.0,289.0,0.48,3.7,123,"Air conditioning, TV, Elevator, Pool, Gym, Kitchen",No
L0367,Host_046,Astoria,Queens,Entire home/apt,Entire home,2023-11-29,2023-12-01,2,174.0,348.0,0.86,4.3,103,"Elevator, Heating, TV, Kitchen, Pool, Washer, Gym",No
L0368,Host_053,Williamsburg,Brooklyn,Entire home/apt,Entire home,2023-06-25,2023-07-04,9,435.2,3916.8,0.81,3.8,172,"Gym, Kitchen, TV",Yes
L0369,Host_007,Jackson Heights,Queens,Entire home/apt,Entire home,2023-07-27,2023-07-29,2,347.0,694.0,0.76,4.5,153,"Washer, Gym, Pool, Elevator, WiFi, TV",No
L0370,Host_058,Harlem,Manhattan,Private room,Private room,2023-03-18,2023-03-26,8,80.64,645.12,0.73,4.1,148,"Heating, Pool, Washer, Air conditioning, Elevator, TV",Yes
L0371,Host_038,Bushwick,Brooklyn,Shared room,Shared room,2023-03-07,2023-03-21,14,37.0,518.0,0.6,4.1,141,"WiFi, Washer, Pool",No
L0372,Host_045,Williamsburg,Brooklyn,Entire home/apt,Entire home,2023-07-15,2023-07-22,7,410.88,2876.16,0.65,4.3,170,"Gym, Air conditioning, Kitchen, TV",Yes
L0373,Host_010,Bushwick,Brooklyn,Private room,Private room,2023-01-06,2023-01-08,2,78.08,156.16,0.79,3.7,125,"Air conditioning, Kitchen, Gym, Washer, Heating, TV",Yes
L0374,Host_040,Jamaica,Queens,Shared room,Shared room,2023-08-06,2023-08-15,9,52.48,472.32,0.88,4.1,58,"Elevator, WiFi, TV, Heating",Yes
L0375,Host_018,Flushing,Queens,Private room,Private room,2023-07-07,2023-07-08,1,145.92,145.92,0.96,4.4,95,"Gym, Kitchen, Pool",Yes
L0376,Host_049,Jamaica,Queens,Shared room,Shared room,2023-02-10,2023-02-19,9,52.48,472.32,0.91,3.6,121,"Pool, TV, Gym",Yes
L0377,Host_001,Chelsea,Manhattan,Entire home/apt,Entire home,2023-08-29,2023-09-08,10,360.0,3600.0,0.83,4.1,76,"Air conditioning, WiFi, Washer, TV, Pool",No
L0378,Host_041,Jamaica,Queens,Entire home/apt,Entire home,2023-10-21,2023-10-22,1,463.36,463.36,0.79,3.9,160,"TV, Gym, WiFi",Yes
L0379,Host_051,Lower East Side,Manhattan,Entire home/apt,Entire home,2023-11-12,2023-11-17,5,335.36,1676.8,0.59,3.9,29,"Air conditioning, Pool, Washer, Heating, Gym, Kitchen, Elevator",Yes
L0380,Host_052,Flushing,Queens,Entire home/apt,Entire home,2023-03-16,2023-03-26,10,136.0,1360.0,0.94,3.7,127,"Elevator, Heating, Washer, Gym, Kitchen, TV",No
L0381,Host_017,Long Island City,Queens,Entire home/apt,Entire home,2023-08-26,2023-09-02,7,229.12,1603.84,0.7,4.2,137,"Elevator, Pool, Heating, Air conditioning",Yes
L0382,Host_001,Lower East Side,Manhattan,Private room,Private room,2023-12-14,2023-12-20,6,102.0,612.0,0.95,4.5,11,"Pool, Washer, Elevator",No
L0383,Host_055,Flatbush,Brooklyn,Private room,Private room,2023-05-17,2023-05-30,13,87.0,1131.0,0.5,4.5,101,"Heating, Pool, TV, Air conditioning, Kitchen, Washer",No
L0384,Host_054,Astoria,Queens,Private room,Private room,2023-02-20,2023-03-01,9,46.0,414.0,0.5,4.2,57,"TV, Heating, WiFi, Elevator, Pool",No
L0385,Host_043,Midtown,Manhattan,Shared room,Shared room,2023-03-03,2023-03-05,2,60.16,120.32,0.9,3.7,169,"Air conditioning, Kitchen, Washer, Gym, Pool, TV, Elevator",Yes
L0386,Host_060,Astoria,Queens,Private room,Private room,2023-12-08,2023-12-21,13,126.72,1647.36,0.85,3.9,19,"WiFi, Elevator, Heating, Air conditioning, Pool",Yes
L0387,Host_005,Bushwick,Brooklyn,Entire home/apt,Entire home,2023-07-21,2023-07-24,3,474.88,1424.64,0.79,3.7,139,"Heating, Kitchen, Pool, Washer, Air conditioning, WiFi",Yes
L0388,Host_047,Midtown,Manhattan,Entire home/apt,Entire home,2023-09-12,2023-09-15,3,248.0,744.0,0.79,3.5,10,"TV, Air conditioning, Washer, Gym, Heating, WiFi",No
L0389,Host_026,Jackson Heights,Queens,Entire home/apt,Entire home,2023-01-02,2023-01-09,7,155.0,1085.0,0.95,4.7,124,"Pool, Washer, Air conditioning",No
L0390,Host_041,Long Island City,Queens,Entire home/apt,Entire home,2023-06-24,2023-06-26,2,212.48,424.96,0.89,4.6,75,"Air conditioning, WiFi, Heating, Washer",Yes
L0391,Host_058,Chelsea,Manhattan,Private room,Private room,2023-02-13,2023-02-24,11,90.0,990.0,0.68,3.8,10,"WiFi, Heating, Gym, Elevator",No
L0392,Host_032,Lower East Side,Manhattan,Private room,Private room,2023-06-23,2023-06-24,1,60.16,60.16,0.63,4.6,104,"Heating, Gym, Washer",Yes
L0393,Host_015,Flushing,Queens,Private room,Private room,2023-03-14,2023-03-22,8,49.0,392.0,0.79,4.2,159,"Heating, Air conditioning, WiFi",No
L0394,Host_053,Midtown,Manhattan,Private room,Private room,2023-03-29,2023-04-12,14,103.0,1442.0,0.76,4.7,28,"Gym, Heating, WiFi",No
L0395,Host_054,Upper East Side,Manhattan,Entire home/apt,Entire home,2023-12-17,2023-12-27,10,416.0,4160.0,0.73,4.0,55,"Air conditioning, Washer, WiFi",Yes
L0396,Host_027,Chelsea,Manhattan,Entire home/apt,Entire home,2023-03-26,2023-04-03,8,263.68,2109.44,0.58,4.4,35,"Elevator, Air conditioning, WiFi",Yes
L0397,Host_012,Williamsburg,Brooklyn,Entire home/apt,Entire home,2023-05-26,2023-06-02,7,211.2,1478.4,0.81,4.7,122,"Heating, Air conditioning, Washer, Gym",Yes
L0398,Host_012,Jackson Heights,Queens,Entire home/apt,Entire home,2023-09-13,2023-09-23,10,139.0,1390.0,0.94,4.4,78,"Elevator, WiFi, TV, Kitchen, Washer",No
L0399,Host_040,Lower East Side,Manhattan,Shared room,Shared room,2023-04-23,2023-05-01,8,52.48,419.84,0.85,4.5,71,"Heating, Kitchen, Elevator",Yes
L0400,Host_011,Upper East Side,Manhattan,Entire home/apt,Entire home,2023-07-06,2023-07-11,5,142.0,710.0,0.56,3.9,158,"WiFi, Kitchen, Washer, Pool, TV, Gym",No
L0401,Host_008,Midtown,Manhattan,Entire home/apt,Entire home,2023-08-16,2023-08-26,10,156.0,1560.0,0.75,4.1,174,"Heating, Kitchen, Air conditioning, Gym, WiFi",No
L0402,Host_025,Upper East Side,Manhattan,Private room,Private room,2023-10-27,2023-11-04,8,69.12,552.96,0.48,4.2,56,"Gym, Air conditioning, Heating, Pool, Kitchen, Elevator, Washer",Yes
L0403,Host_013,Chelsea,Manhattan,Shared room,Shared room,2023-12-21,2023-12-31,10,26.0,260.0,0.48,3.7,120,"Elevator, Air conditioning, Pool, Gym, Kitchen, Washer",No
L0404,Host_041,Flushing,Queens,Private room,Private room,2023-04-28,2023-04-30,2,151.04,302.08,0.66,4.3,56,"Gym, Pool, Air conditioning, WiFi, Heating, Kitchen, Washer",Yes
L0405,Host_058,Brooklyn Heights,Brooklyn,Private room,Private room,2023-01-03,2023-01-10,7,118.0,826.0,0.96,3.6,121,"WiFi, Elevator, TV, Heating, Washer, Pool, Kitchen",No
L0406,Host_049,Park Slope,Brooklyn,Entire home/apt,Entire home,2023-04-22,2023-04-25,3,161.28,483.84,0.64,3.9,24,"Gym, TV, Kitchen",Yes
L0407,Host_048,Jackson Heights,Queens,Private room,Private room,2023-03-12,2023-03-26,14,131.84,1845.76,0.82,3.8,95,"WiFi, Kitchen, Heating, Washer, Air conditioning, Pool",Yes
L0408,Host_045,Brooklyn Heights,Brooklyn,Private room,Private room,2023-06-21,2023-07-03,12,55.0,660.0,0.93,4.3,173,"WiFi, Kitchen, Heating, Air conditioning, Elevator",No
L0409,Host_012,Astoria,Queens,Entire home/apt,Entire home,2023-04-15,2023-04-18,3,197.12,591.36,0.96,3.9,30,"Heating, Pool, Air conditioning, Elevator, Washer, Gym",Yes
L0410,Host_023,Williamsburg,Brooklyn,Entire home/apt,Entire home,2023-09-27,2023-10-11,14,351.0,4914.0,0.51,4.6,174,"TV, Gym, Pool, Air conditioning, WiFi, Kitchen, Heating",No
L0411,Host_012,Midtown,Manhattan,Entire home/apt,Entire home,2023-03-26,2023-03-31,5,341.76,1708.8,0.51,3.7,39,"Pool, WiFi, Air conditioning, Heating",Yes
L0412,Host_031,Jamaica,Queens,Shared room,Shared room,2023-11-27,2023-11-28,1,39.0,39.0,0.6,3.6,60,"Washer, Elevator, TV, Air conditioning, Pool, Heating, Gym",No
L0413,Host_029,Jamaica,Queens,Private room,Private room,2023-03-09,2023-03-22,13,83.0,1079.0,0.61,4.7,59,"Washer, TV, Elevator, WiFi, Kitchen, Air conditioning",No
L0414,Host_040,Brooklyn Heights,Brooklyn,Shared room,Shared room,2023-04-04,2023-04-07,3,34.0,102.0,0.89,4.5,171,"Air conditioning, Heating, WiFi, Elevator",No
L0415,Host_017,Flatbush,Brooklyn,Entire home/apt,Entire home,2023-10-15,2023-10-27,12,395.52,4746.24,0.47,4.0,89,"Washer, Gym, TV, Kitchen",Yes
L0416,Host_002,Long Island City,Queens,Entire home/apt,Entire home,2023-03-16,2023-03-24,8,327.0,2616.0,0.93,3.7,140,"Washer, TV, Heating, Air conditioning, Gym, Kitchen, Pool",No
L0417,Host_008,Jackson Heights,Queens,Entire home/apt,Entire home,2023-12-14,2023-12-23,9,365.0,3285.0,0.51,3.5,159,"Gym, Washer, WiFi, Air conditioning",No
L0418,Host_038,Lower East Side,Manhattan,Private room,Private room,2023-01-12,2023-01-14,2,80.0,160.0,0.73,4.2,172,"Pool, Elevator, Kitchen",No
L0419,Host_033,Bushwick,Brooklyn,Private room,Private room,2023-03-17,2023-03-29,12,116.48,1397.76,0.89,4.1,96,"TV, Washer, Air conditioning",Yes
L0420,Host_006,Brooklyn Heights,Brooklyn,Private room,Private room,2023-08-01,2023-08-14,13,101.0,1313.0,0.68,3.7,109,"Air conditioning, Kitchen, Gym, Elevator, Pool, Heating",No
L0421,Host_038,Long Island City,Queens,Entire home/apt,Entire home,2023-07-29,2023-08-09,11,399.36,4392.96,0.93,4.1,143,"Air conditioning, Heating, Kitchen, Gym, Pool, Washer",Yes
L0422,Host_020,Chelsea,Manhattan,Private room,Private room,2023-08-26,2023-08-30,4,148.48,593.92,0.46,3.5,68,"Gym, Kitchen, Washer, Elevator, Air conditioning",Yes
L0423,Host_045,Park Slope,Brooklyn,Entire home/apt,Entire home,2023-05-22,2023-05-30,8,245.0,1960.0,0.97,3.6,93,"Gym, Elevator, Pool, Air conditioning, Heating, WiFi, Kitchen",No
L0424,Host_017,Jamaica,Queens,Entire home/apt,Entire home,2023-03-16,2023-03-22,6,203.0,1218.0,0.69,4.5,92,"WiFi, TV, Air conditioning, Heating",No
L0425,Host_019,Long Island City,Queens,Entire home/apt,Entire home,2023-11-18,2023-11-21,3,203.52,610.56,0.85,4.4,43,"Washer, Pool, Elevator, Gym, Air conditioning, TV, Heating",Yes
L0426,Host_038,Long Island City,Queens,Entire home/apt,Entire home,2023-03-12,2023-03-21,9,384.0,3456.0,0.6,4.7,106,"Air conditioning, Kitchen, Gym, Elevator, TV",Yes
L0427,Host_036,Harlem,Manhattan,Private room,Private room,2023-02-09,2023-02-11,2,98.0,196.0,0.88,4.9,123,"TV, Washer, Kitchen, Heating, Pool",No
L0428,Host_020,Long Island City,Queens,Entire home/apt,Entire home,2023-03-07,2023-03-21,14,134.0,1876.0,0.81,4.5,79,"Heating, Air conditioning, WiFi, Pool",No
L0429,Host_050,Astoria,Queens,Entire home/apt,Entire home,2023-04-11,2023-04-13,2,367.0,734.0,0.47,4.5,152,"Gym, Kitchen, Air conditioning",No
L0430,Host_001,Midtown,Manhattan,Entire home/apt,Entire home,2023-11-05,2023-11-09,4,216.32,865.28,0.76,3.8,172,"WiFi, Kitchen, Gym, Washer, Air conditioning",Yes
L0431,Host_055,Long Island City,Queens,Entire home/apt,Entire home,2023-10-19,2023-10-21,2,376.0,752.0,0.5,4.4,4,"Heating, Pool, Air conditioning, Kitchen, TV, WiFi, Elevator",No
L0432,Host_055,Harlem,Manhattan,Private room,Private room,2023-10-29,2023-11-01,3,116.48,349.44,0.68,4.9,47,"Elevator, Pool, Kitchen, TV, Gym",Yes
L0433,Host_021,Williamsburg,Brooklyn,Private room,Private room,2023-09-24,2023-09-27,3,133.12,399.36,0.71,4.0,74,"WiFi, Kitchen, Air conditioning, Heating, Pool, Washer, Gym",Yes
L0434,Host_044,Flatbush,Brooklyn,Private room,Private room,2023-07-28,2023-08-02,5,93.44,467.2,0.96,4.1,18,"Washer, Air conditioning, WiFi, Pool, Heating, Elevator",Yes
L0435,Host_044,Brooklyn Heights,Brooklyn,Entire home/apt,Entire home,2023-07-22,2023-07-29,7,208.64,1460.48,0.81,5.0,44,"Washer, Heating, Air conditioning",Yes
L0436,Host_026,Lower East Side,Manhattan,Private room,Private room,2023-08-06,2023-08-18,12,94.72,1136.64,0.71,4.6,149,"TV, Elevator, Air conditioning, Heating, Pool, Washer, Kitchen",Yes
L0437,Host_030,Long Island City,Queens,Entire home/apt,Entire home,2023-09-08,2023-09-16,8,224.0,1792.0,0.57,4.9,8,"WiFi, Kitchen, Heating",Yes
L0438,Host_025,Astoria,Queens,Shared room,Shared room,2023-11-15,2023-11-25,10,34.0,340.0,0.5,3.6,134,"Gym, Heating, Air conditioning, Washer, Pool, TV",No
L0439,Host_052,Long Island City,Queens,Entire home/apt,Entire home,2023-03-02,2023-03-09,7,129.0,903.0,0.68,4.8,114,"WiFi, Pool, Kitchen, TV, Air conditioning, Elevator",No
L0440,Host_046,Brooklyn Heights,Brooklyn,Entire home/apt,Entire home,2023-02-26,2023-03-08,10,408.32,4083.2,0.8,4.5,176,"Gym, Pool, TV, Kitchen, Elevator, WiFi, Washer",Yes
L0441,Host_025,Brooklyn Heights,Brooklyn,Private room,Private room,2023-02-01,2023-02-02,1,81.0,81.0,0.76,3.7,94,"WiFi, Washer, Heating, Pool, Elevator",No
L0442,Host_004,Bushwick,Brooklyn,Entire home/apt,Entire home,2023-11-28,2023-12-03,5,245.0,1225.0,0.76,4.9,17,"Kitchen, Washer, Pool, WiFi, TV",No
L0443,Host_056,Williamsburg,Brooklyn,Entire home/apt,Entire home,2023-08-04,2023-08-09,5,430.08,2150.4,0.46,4.2,6,"Elevator, Pool, Air conditioning, TV, WiFi",Yes
L0444,Host_014,Williamsburg,Brooklyn,Private room,Private room,2023-12-08,2023-12-14,6,138.24,829.44,0.54,3.9,112,"Gym, Kitchen, Elevator, TV",Yes
L0445,Host_020,Chelsea,Manhattan,Entire home/apt,Entire home,2023-02-17,2023-03-01,12,416.0,4992.0,0.89,3.6,87,"Kitchen, Gym, Heating, Pool, Air conditioning",Yes
L0446,Host_020,Chelsea,Manhattan,Entire home/apt,Entire home,2023-04-13,2023-04-20,7,341.0,2387.0,0.66,4.4,117,"Air conditioning, WiFi, Washer, Elevator, TV, Kitchen, Pool",No
L0447,Host_053,Park Slope,Brooklyn,Private room,Private room,2023-11-23,2023-12-02,9,79.0,711.0,0.87,4.8,112,"WiFi, Heating, Air conditioning, Gym, Kitchen, TV, Pool",No
L0448,Host_027,Long Island City,Queens,Private room,Private room,2023-04-15,2023-04-29,14,67.84,949.76,0.66,4.7,166,"TV, Heating, Gym, Kitchen",Yes
L0449,Host_016,Harlem,Manhattan,Entire home/apt,Entire home,2023-10-14,2023-10-21,7,355.84,2490.88,0.67,4.9,52,"TV, Air conditioning, WiFi, Gym",Yes
L0450,Host_055,Flatbush,Brooklyn,Entire home/apt,Entire home,2023-01-11,2023-01-12,1,141.0,141.0,0.9,3.6,155,"Kitchen, Elevator, Air conditioning, Washer, WiFi",No
L0451,Host_037,Park Slope,Brooklyn,Entire home/apt,Entire home,2023-12-07,2023-12-21,14,376.0,5264.0,0.75,4.7,135,"Gym, Kitchen, Pool, TV, WiFi",No
L0452,Host_048,Bushwick,Brooklyn,Private room,Private room,2023-08-05,2023-08-09,4,96.0,384.0,0.53,3.8,71,"Elevator, TV, Pool, Gym, WiFi, Heating",Yes
L0453,Host_008,Long Island City,Queens,Private room,Private room,2023-09-01,2023-09-12,11,145.92,1605.12,0.58,3.9,38,"Gym, Washer, Elevator, Air conditioning, WiFi",Yes
L0454,Host_048,Jamaica,Queens,Entire home/apt,Entire home,2023-10-10,2023-10-17,7,147.0,1029.0,0.61,4.9,93,"Pool, Heating, Elevator",No
L0455,Host_026,Brooklyn Heights,Brooklyn,Entire home/apt,Entire home,2023-05-01,2023-05-06,5,250.0,1250.0,0.56,4.8,113,"Elevator, WiFi, Air conditioning, Gym, Heating",No
L0456,Host_022,Brooklyn Heights,Brooklyn,Private room,Private room,2023-03-24,2023-04-05,12,72.96,875.52,0.59,3.6,108,"Pool, Washer, Heating, Gym, WiFi, TV, Air conditioning",Yes
L0457,Host_051,Flushing,Queens,Private room,Private room,2023-04-13,2023-04-24,11,45.0,495.0,0.61,4.4,29,"Heating, Air conditioning, Elevator, TV",No
L0458,Host_021,Jackson Heights,Queens,Private room,Private room,2023-03-10,2023-03-15,5,135.68,678.4,0.54,4.4,84,"Heating, Kitchen, Pool, Air conditioning, Gym",Yes
L0459,Host_057,Brooklyn Heights,Brooklyn,Shared room,Shared room,2023-01-12,2023-01-21,9,55.0,495.0,0.79,4.4,23,"Heating, TV, Washer, Kitchen, WiFi, Pool",No
L0460,Host_010,Jackson Heights,Queens,Private room,Private room,2023-10-18,2023-10-20,2,92.0,184.0,0.46,4.3,117,"Kitchen, Heating, Washer, Pool, Elevator, Air conditioning",No
L0461,Host_028,Brooklyn Heights,Brooklyn,Entire home/apt,Entire home,2023-05-25,2023-06-06,12,225.0,2700.0,0.8,4.1,105,"WiFi, TV, Air conditioning, Kitchen",No
L0462,Host_024,Jackson Heights,Queens,Private room,Private room,2023-08-29,2023-09-01,3,55.0,165.0,0.9,5.0,102,"Elevator, Pool, Washer, TV",No
L0463,Host_004,Williamsburg,Brooklyn,Entire home/apt,Entire home,2023-05-01,2023-05-09,8,146.0,1168.0,0.92,5.0,172,"WiFi, Pool, Air conditioning, TV, Washer, Heating, Kitchen",No
L0464,Host_058,Bushwick,Brooklyn,Entire home/apt,Entire home,2023-05-14,2023-05-17,3,180.48,541.44,0.71,4.9,120,"Kitchen, Washer, Gym, TV",Yes
L0465,Host_021,Park Slope,Brooklyn,Entire home/apt,Entire home,2023-05-24,2023-06-05,12,142.0,1704.0,0.64,4.1,68,"TV, Washer, Heating, Kitchen, Air conditioning, Elevator, WiFi",No
L0466,Host_010,Jackson Heights,Queens,Entire home/apt,Entire home,2023-01-19,2023-01-27,8,147.0,1176.0,0.59,4.6,112,"Gym, WiFi, Heating",No
L0467,Host_032,Flatbush,Brooklyn,Entire home/apt,Entire home,2023-06-28,2023-06-30,2,177.0,354.0,0.56,3.9,44,"TV, Heating, Pool, WiFi, Elevator, Kitchen, Gym",No
L0468,Host_044,Harlem,Manhattan,Private room,Private room,2023-05-26,2023-06-06,11,111.36,1224.96,0.96,3.7,96,"Kitchen, Washer, Pool, WiFi, Gym, Heating, Air conditioning",Yes
L0469,Host_018,Jackson Heights,Queens,Entire home/apt,Entire home,2023-12-02,2023-12-12,10,156.16,1561.6,0.94,4.0,146,"Heating, WiFi, Elevator, Washer",Yes
L0470,Host_048,Bushwick,Brooklyn,Private room,Private room,2023-11-05,2023-11-12,7,147.2,1030.4,0.5,3.9,62,"Kitchen, WiFi, Elevator, Pool, Washer, Heating",Yes
L0471,Host_042,Bushwick,Brooklyn,Private room,Private room,2023-09-09,2023-09-22,13,76.8,998.4,0.67,4.7,80,"Air conditioning, Washer, Gym, WiFi, Pool, Kitchen, Heating",Yes
L0472,Host_037,Brooklyn Heights,Brooklyn,Entire home/apt,Entire home,2023-08-05,2023-08-18,13,430.08,5591.04,0.64,3.8,162,"Kitchen, WiFi, TV, Air conditioning, Heating, Pool",Yes
L0473,Host_034,Flushing,Queens,Shared room,Shared room,2023-08-12,2023-08-14,2,49.92,99.84,0.92,4.2,39,"TV, Heating, Pool, Gym",Yes
L0474,Host_005,Flatbush,Brooklyn,Entire home/apt,Entire home,2023-09-19,2023-09-26,7,143.0,1001.0,0.66,4.2,146,"Washer, TV, Gym, WiFi, Elevator",No
L0475,Host_030,Midtown,Manhattan,Private room,Private room,2023-07-21,2023-07-22,1,87.04,87.04,0.49,4.8,77,"Gym, Pool, TV, Air conditioning, Washer",Yes
L0476,Host_048,Harlem,Manhattan,Entire home/apt,Entire home,2023-10-01,2023-10-02,1,322.56,322.56,0.45,3.7,44,"Gym, Elevator, Pool, Washer, TV, Heating",Yes
L0477,Host_040,Flatbush,Brooklyn,Private room,Private room,2023-06-04,2023-06-06,2,121.6,243.2,0.52,3.5,29,"Heating, WiFi, Kitchen",Yes
L0478,Host_028,Park Slope,Brooklyn,Private room,Private room,2023-08-26,2023-08-29,3,71.68,215.04,0.7,3.5,43,"Gym, Pool, Heating, WiFi",Yes
L0479,Host_019,Flatbush,Brooklyn,Entire home/apt,Entire home,2023-01-05,2023-01-07,2,320.0,640.0,0.78,4.6,107,"Pool, TV, WiFi, Heating, Washer, Gym",No
L0480,Host_060,Jamaica,Queens,Private room,Private room,2023-02-01,2023-02-10,9,74.0,666.0,0.46,4.4,142,"TV, Elevator, Heating",No
L0481,Host_042,Upper East Side,Manhattan,Private room,Private room,2023-08-12,2023-08-13,1,130.56,130.56,0.53,4.6,121,"Gym, Heating, TV, Kitchen, Elevator",Yes
L0482,Host_055,Long Island City,Queens,Private room,Private room,2023-05-31,2023-06-12,12,61.0,732.0,0.82,4.9,173,"Gym, Air conditioning, TV, Kitchen, Pool",No
L0483,Host_009,Astoria,Queens,Private room,Private room,2023-11-07,2023-11-15,8,70.0,560.0,0.5,4.1,127,"Heating, Pool, TV, WiFi, Washer",No
L0484,Host_011,Bushwick,Brooklyn,Entire home/apt,Entire home,2023-02-02,2023-02-08,6,209.0,1254.0,0.67,4.4,31,"Heating, Gym, Air conditioning, Elevator, Washer, WiFi, TV",No
L0485,Host_056,Park Slope,Brooklyn,Private room,Private room,2023-08-13,2023-08-26,13,65.28,848.64,0.69,4.8,29,"Kitchen, WiFi, TV",Yes
L0486,Host_056,Harlem,Manhattan,Private room,Private room,2023-05-30,2023-06-11,12,91.0,1092.0,0.68,4.3,26,"Washer, Pool, Elevator, Kitchen",No
L0487,Host_027,Harlem,Manhattan,Entire home/apt,Entire home,2023-08-31,2023-09-06,6,123.0,738.0,0.6,3.8,69,"Elevator, Washer, Gym, Pool, Kitchen",No
L0488,Host_015,Lower East Side,Manhattan,Entire home/apt,Entire home,2023-07-29,2023-08-06,8,243.2,1945.6,0.94,4.3,175,"WiFi, Gym, Kitchen, Pool, TV",Yes
L0489,Host_026,Midtown,Manhattan,Entire home/apt,Entire home,2023-07-21,2023-08-03,13,261.12,3394.56,0.47,4.9,39,"WiFi, TV, Heating, Elevator, Gym, Air conditioning, Washer",Yes
L0490,Host_001,Long Island City,Queens,Private room,Private room,2023-03-17,2023-03-29,12,143.36,1720.32,0.66,4.5,140,"Gym, Washer, Elevator, Pool, Heating, Kitchen, TV",Yes
L0491,Host_025,Midtown,Manhattan,Entire home/apt,Entire home,2023-05-26,2023-05-30,4,235.52,942.08,0.5,4.3,134,"Air conditioning, WiFi, Gym, TV, Washer",Yes
L0492,Host_020,Park Slope,Brooklyn,Private room,Private room,2023-01-31,2023-02-14,14,109.0,1526.0,0.64,4.4,91,"WiFi, Kitchen, Heating",No
L0493,Host_030,Flatbush,Brooklyn,Private room,Private room,2023-10-25,2023-11-04,10,75.0,750.0,0.82,4.9,171,"Heating, Washer, Air conditioning, Elevator, TV, Kitchen, Gym",No
L0494,Host_007,Flatbush,Brooklyn,Private room,Private room,2023-04-09,2023-04-23,14,142.08,1989.12,0.85,4.2,38,"Elevator, Kitchen, WiFi, Pool, Heating, Gym",Yes
L0495,Host_024,Park Slope,Brooklyn,Entire home/apt,Entire home,2023-09-23,2023-10-06,13,417.28,5424.64,0.66,3.9,128,"Gym, Pool, Washer, Heating, Kitchen, TV",Yes
L0496,Host_030,Flushing,Queens,Entire home/apt,Entire home,2023-09-28,2023-09-30,2,186.0,372.0,0.81,4.2,9,"Pool, Washer, WiFi, TV",No
L0497,Host_037,Williamsburg,Brooklyn,Entire home/apt,Entire home,2023-03-20,2023-03-22,2,268.0,536.0,0.64,5.0,78,"Gym, WiFi, Elevator, Kitchen, Washer",No
L0498,Host_058,Jackson Heights,Queens,Entire home/apt,Entire home,2023-04-04,2023-04-18,14,276.0,3864.0,0.83,3.5,141,"Kitchen, WiFi, Heating, Elevator, TV",No
L0499,Host_022,Flatbush,Brooklyn,Entire home/apt,Entire home,2023-11-07,2023-11-10,3,313.0,939.0,0.85,4.3,118,"Gym, Air conditioning, Elevator, Washer, Pool, WiFi",No
L0500,Host_015,Jamaica,Queens,Entire home/apt,Entire home,2023-01-24,2023-02-04,11,322.0,3542.0,0.91,4.6,166,"Air conditioning, WiFi, TV",No
